<?xml version="1.0" encoding="UTF-8" standalone="yes"?>
<?mso-application progid="Word.Document"?>
<w:wordDocument xmlns:aml="http://schemas.microsoft.com/aml/2001/core" xmlns:wpc="http://schemas.microsoft.com/office/word/2010/wordprocessingCanvas" xmlns:dt="uuid:C2F41010-65B3-11d1-A29F-00AA00C14882" xmlns:mc="http://schemas.openxmlformats.org/markup-compatibility/2006" xmlns:o="urn:schemas-microsoft-com:office:office" xmlns:v="urn:schemas-microsoft-com:vml" xmlns:w10="urn:schemas-microsoft-com:office:word" xmlns:w="http://schemas.microsoft.com/office/word/2003/wordml" xmlns:wx="http://schemas.microsoft.com/office/word/2003/auxHint" xmlns:wne="http://schemas.microsoft.com/office/word/2006/wordml" xmlns:wsp="http://schemas.microsoft.com/office/word/2003/wordml/sp2" xmlns:sl="http://schemas.microsoft.com/schemaLibrary/2003/core" w:macrosPresent="no" w:embeddedObjPresent="no" w:ocxPresent="no" xml:space="preserve"><w:ignoreSubtree w:val="http://schemas.microsoft.com/office/word/2003/wordml/sp2"/><o:DocumentProperties><o:Author>Joseph Kimani</o:Author><o:LastAuthor>Joseph Kimani</o:LastAuthor><o:Revision>2</o:Revision><o:TotalTime>1</o:TotalTime><o:Created>2022-09-26T14:22:00Z</o:Created><o:LastSaved>2022-09-26T14:22:00Z</o:LastSaved><o:Pages>3</o:Pages><o:Words>378</o:Words><o:Characters>2155</o:Characters><o:Lines>17</o:Lines><o:Paragraphs>5</o:Paragraphs><o:CharactersWithSpaces>2528</o:CharactersWithSpaces><o:Version>14</o:Version></o:DocumentProperties><w:fonts><w:defaultFonts w:ascii="Calibri" w:fareast="Calibri" w:h-ansi="Calibri" w:cs="Times New Roman"/><w:font w:name="Times New Roman"><w:panose-1 w:val="02020603050405020304"/><w:charset w:val="00"/><w:family w:val="Roman"/><w:pitch w:val="variable"/><w:sig w:usb-0="E0002EFF" w:usb-1="C000785B" w:usb-2="00000009" w:usb-3="00000000" w:csb-0="000001FF" w:csb-1="00000000"/></w:font><w:font w:name="Cambria Math"><w:panose-1 w:val="02040503050406030204"/><w:charset w:val="00"/><w:family w:val="Roman"/><w:pitch w:val="variable"/><w:sig w:usb-0="E00006FF" w:usb-1="420024FF" w:usb-2="02000000" w:usb-3="00000000" w:csb-0="0000019F" w:csb-1="00000000"/></w:font><w:font w:name="Calibri"><w:panose-1 w:val="020F0502020204030204"/><w:charset w:val="00"/><w:family w:val="Swiss"/><w:pitch w:val="variable"/><w:sig w:usb-0="E4002EFF" w:usb-1="C000247B" w:usb-2="00000009" w:usb-3="00000000" w:csb-0="000001FF" w:csb-1="00000000"/></w:font></w:fonts><w:styles><w:versionOfBuiltInStylenames w:val="7"/><w:latentStyles w:defLockedState="off" w:latentStyleCount="267"><w:lsdException w:name="Normal"/><w:lsdException w:name="heading 1"/><w:lsdException w:name="heading 2"/><w:lsdException w:name="heading 3"/><w:lsdException w:name="heading 4"/><w:lsdException w:name="heading 5"/><w:lsdException w:name="heading 6"/><w:lsdException w:name="heading 7"/><w:lsdException w:name="heading 8"/><w:lsdException w:name="heading 9"/><w:lsdException w:name="toc 1"/><w:lsdException w:name="toc 2"/><w:lsdException w:name="toc 3"/><w:lsdException w:name="toc 4"/><w:lsdException w:name="toc 5"/><w:lsdException w:name="toc 6"/><w:lsdException w:name="toc 7"/><w:lsdException w:name="toc 8"/><w:lsdException w:name="toc 9"/><w:lsdException w:name="caption"/><w:lsdException w:name="Title"/><w:lsdException w:name="Default Paragraph Font"/><w:lsdException w:name="Subtitle"/><w:lsdException w:name="Strong"/><w:lsdException w:name="Emphasis"/><w:lsdException w:name="Table Grid"/><w:lsdException w:name="Placeholder Text"/><w:lsdException w:name="No Spacing"/><w:lsdException w:name="Light Shading"/><w:lsdException w:name="Light List"/><w:lsdException w:name="Light Grid"/><w:lsdException w:name="Medium Shading 1"/><w:lsdException w:name="Medium Shading 2"/><w:lsdException w:name="Medium List 1"/><w:lsdException w:name="Medium List 2"/><w:lsdException w:name="Medium Grid 1"/><w:lsdException w:name="Medium Grid 2"/><w:lsdException w:name="Medium Grid 3"/><w:lsdException w:name="Dark List"/><w:lsdException w:name="Colorful Shading"/><w:lsdException w:name="Colorful List"/><w:lsdException w:name="Colorful Grid"/><w:lsdException w:name="Light Shading Accent 1"/><w:lsdException w:name="Light List Accent 1"/><w:lsdException w:name="Light Grid Accent 1"/><w:lsdException w:name="Medium Shading 1 Accent 1"/><w:lsdException w:name="Medium Shading 2 Accent 1"/><w:lsdException w:name="Medium List 1 Accent 1"/><w:lsdException w:name="Revision"/><w:lsdException w:name="List Paragraph"/><w:lsdException w:name="Quote"/><w:lsdException w:name="Intense Quote"/><w:lsdException w:name="Medium List 2 Accent 1"/><w:lsdException w:name="Medium Grid 1 Accent 1"/><w:lsdException w:name="Medium Grid 2 Accent 1"/><w:lsdException w:name="Medium Grid 3 Accent 1"/><w:lsdException w:name="Dark List Accent 1"/><w:lsdException w:name="Colorful Shading Accent 1"/><w:lsdException w:name="Colorful List Accent 1"/><w:lsdException w:name="Colorful Grid Accent 1"/><w:lsdException w:name="Light Shading Accent 2"/><w:lsdException w:name="Light List Accent 2"/><w:lsdException w:name="Light Grid Accent 2"/><w:lsdException w:name="Medium Shading 1 Accent 2"/><w:lsdException w:name="Medium Shading 2 Accent 2"/><w:lsdException w:name="Medium List 1 Accent 2"/><w:lsdException w:name="Medium List 2 Accent 2"/><w:lsdException w:name="Medium Grid 1 Accent 2"/><w:lsdException w:name="Medium Grid 2 Accent 2"/><w:lsdException w:name="Medium Grid 3 Accent 2"/><w:lsdException w:name="Dark List Accent 2"/><w:lsdException w:name="Colorful Shading Accent 2"/><w:lsdException w:name="Colorful List Accent 2"/><w:lsdException w:name="Colorful Grid Accent 2"/><w:lsdException w:name="Light Shading Accent 3"/><w:lsdException w:name="Light List Accent 3"/><w:lsdException w:name="Light Grid Accent 3"/><w:lsdException w:name="Medium Shading 1 Accent 3"/><w:lsdException w:name="Medium Shading 2 Accent 3"/><w:lsdException w:name="Medium List 1 Accent 3"/><w:lsdException w:name="Medium List 2 Accent 3"/><w:lsdException w:name="Medium Grid 1 Accent 3"/><w:lsdException w:name="Medium Grid 2 Accent 3"/><w:lsdException w:name="Medium Grid 3 Accent 3"/><w:lsdException w:name="Dark List Accent 3"/><w:lsdException w:name="Colorful Shading Accent 3"/><w:lsdException w:name="Colorful List Accent 3"/><w:lsdException w:name="Colorful Grid Accent 3"/><w:lsdException w:name="Light Shading Accent 4"/><w:lsdException w:name="Light List Accent 4"/><w:lsdException w:name="Light Grid Accent 4"/><w:lsdException w:name="Medium Shading 1 Accent 4"/><w:lsdException w:name="Medium Shading 2 Accent 4"/><w:lsdException w:name="Medium List 1 Accent 4"/><w:lsdException w:name="Medium List 2 Accent 4"/><w:lsdException w:name="Medium Grid 1 Accent 4"/><w:lsdException w:name="Medium Grid 2 Accent 4"/><w:lsdException w:name="Medium Grid 3 Accent 4"/><w:lsdException w:name="Dark List Accent 4"/><w:lsdException w:name="Colorful Shading Accent 4"/><w:lsdException w:name="Colorful List Accent 4"/><w:lsdException w:name="Colorful Grid Accent 4"/><w:lsdException w:name="Light Shading Accent 5"/><w:lsdException w:name="Light List Accent 5"/><w:lsdException w:name="Light Grid Accent 5"/><w:lsdException w:name="Medium Shading 1 Accent 5"/><w:lsdException w:name="Medium Shading 2 Accent 5"/><w:lsdException w:name="Medium List 1 Accent 5"/><w:lsdException w:name="Medium List 2 Accent 5"/><w:lsdException w:name="Medium Grid 1 Accent 5"/><w:lsdException w:name="Medium Grid 2 Accent 5"/><w:lsdException w:name="Medium Grid 3 Accent 5"/><w:lsdException w:name="Dark List Accent 5"/><w:lsdException w:name="Colorful Shading Accent 5"/><w:lsdException w:name="Colorful List Accent 5"/><w:lsdException w:name="Colorful Grid Accent 5"/><w:lsdException w:name="Light Shading Accent 6"/><w:lsdException w:name="Light List Accent 6"/><w:lsdException w:name="Light Grid Accent 6"/><w:lsdException w:name="Medium Shading 1 Accent 6"/><w:lsdException w:name="Medium Shading 2 Accent 6"/><w:lsdException w:name="Medium List 1 Accent 6"/><w:lsdException w:name="Medium List 2 Accent 6"/><w:lsdException w:name="Medium Grid 1 Accent 6"/><w:lsdException w:name="Medium Grid 2 Accent 6"/><w:lsdException w:name="Medium Grid 3 Accent 6"/><w:lsdException w:name="Dark List Accent 6"/><w:lsdException w:name="Colorful Shading Accent 6"/><w:lsdException w:name="Colorful List Accent 6"/><w:lsdException w:name="Colorful Grid Accent 6"/><w:lsdException w:name="Subtle Emphasis"/><w:lsdException w:name="Intense Emphasis"/><w:lsdException w:name="Subtle Reference"/><w:lsdException w:name="Intense Reference"/><w:lsdException w:name="Book Title"/><w:lsdException w:name="Bibliography"/><w:lsdException w:name="TOC Heading"/></w:latentStyles><w:style w:type="paragraph" w:default="on" w:styleId="Normal"><w:name w:val="Normal"/><w:pPr><w:spacing w:after="200" w:line="276" w:line-rule="auto"/></w:pPr><w:rPr><wx:font wx:val="Calibri"/><w:sz w:val="22"/><w:sz-cs w:val="22"/><w:lang w:val="EN-GB" w:fareast="EN-US" w:bidi="AR-SA"/></w:rPr></w:style><w:style w:type="character" w:default="on" w:styleId="DefaultParagraphFont"><w:name w:val="Default Paragraph Font"/></w:style><w:style w:type="table" w:default="on" w:styleId="TableNormal"><w:name w:val="Normal Table"/><wx:uiName wx:val="Table Normal"/><w:rPr><wx:font wx:val="Calibri"/><w:lang w:val="EN-GB" w:fareast="EN-GB" w:bidi="AR-SA"/></w:rPr><w:tblPr><w:tblInd w:w="0" w:type="dxa"/><w:tblCellMar><w:top w:w="0" w:type="dxa"/><w:left w:w="108" w:type="dxa"/><w:bottom w:w="0" w:type="dxa"/><w:right w:w="108" w:type="dxa"/></w:tblCellMar></w:tblPr></w:style><w:style w:type="list" w:default="on" w:styleId="NoList"><w:name w:val="No List"/></w:style></w:styles><w:shapeDefaults><o:shapedefaults v:ext="edit" spidmax="1026"/><o:shapelayout v:ext="edit"><o:idmap v:ext="edit" data="1"/></o:shapelayout></w:shapeDefaults><w:docPr><w:view w:val="print"/><w:zoom w:percent="86"/><w:doNotEmbedSystemFonts/><w:proofState w:spelling="clean" w:grammar="clean"/><w:defaultTabStop w:val="720"/><w:punctuationKerning/><w:characterSpacingControl w:val="DontCompress"/><w:optimizeForBrowser/><w:allowPNG/><w:validateAgainstSchema/><w:saveInvalidXML w:val="off"/><w:ignoreMixedContent w:val="off"/><w:alwaysShowPlaceholderText w:val="off"/><w:compat><w:breakWrappedTables/><w:snapToGridInCell/><w:wrapTextWithPunct/><w:useAsianBreakRules/><w:dontGrowAutofit/></w:compat><wsp:rsids><wsp:rsidRoot wsp:val="00C34940"/><wsp:rsid wsp:val="00C06A15"/><wsp:rsid wsp:val="00C34940"/><wsp:rsid wsp:val="00F53A08"/></wsp:rsids></w:docPr><w:body><wx:sect><w:p wsp:rsidR="00C34940" wsp:rsidRPr="00C34940" wsp:rsidRDefault="00C34940" wsp:rsidP="00C34940"><w:pPr><w:tabs><w:tab w:val="left" w:pos="1960"/></w:tabs><w:rPr><w:rFonts w:ascii="Times New Roman" w:h-ansi="Times New Roman"/><wx:font wx:val="Times New Roman"/><w:sz w:val="24"/><w:sz-cs w:val="24"/></w:rPr></w:pPr><w:r wsp:rsidRPr="00C34940"><w:rPr><w:rFonts w:ascii="Times New Roman" w:h-ansi="Times New Roman"/><wx:font wx:val="Times New Roman"/><w:sz w:val="24"/><w:sz-cs w:val="24"/></w:rPr><w:t># USAGE</w:t></w:r><w:r><w:rPr><w:rFonts w:ascii="Times New Roman" w:h-ansi="Times New Roman"/><wx:font wx:val="Times New Roman"/><w:sz w:val="24"/><w:sz-cs w:val="24"/></w:rPr><w:tab/></w:r></w:p><w:p wsp:rsidR="00C34940" wsp:rsidRPr="00C34940" wsp:rsidRDefault="00C34940" wsp:rsidP="00C34940"><w:pPr><w:rPr><w:rFonts w:ascii="Times New Roman" w:h-ansi="Times New Roman"/><wx:font wx:val="Times New Roman"/><w:sz w:val="24"/><w:sz-cs w:val="24"/></w:rPr></w:pPr><w:r wsp:rsidRPr="00C34940"><w:rPr><w:rFonts w:ascii="Times New Roman" w:h-ansi="Times New Roman"/><wx:font wx:val="Times New Roman"/><w:sz w:val="24"/><w:sz-cs w:val="24"/></w:rPr><w:t># </w:t></w:r><w:proofErr w:type="gramStart"/><w:r wsp:rsidRPr="00C34940"><w:rPr><w:rFonts w:ascii="Times New Roman" w:h-ansi="Times New Roman"/><wx:font wx:val="Times New Roman"/><w:sz w:val="24"/><w:sz-cs w:val="24"/></w:rPr><w:t>python</w:t></w:r><w:proofErr w:type="gramEnd"/><w:r wsp:rsidRPr="00C34940"><w:rPr><w:rFonts w:ascii="Times New Roman" w:h-ansi="Times New Roman"/><wx:font wx:val="Times New Roman"/><w:sz w:val="24"/><w:sz-cs w:val="24"/></w:rPr><w:t> detect_faces_video.py --</w:t></w:r><w:proofErr w:type="spellStart"/><w:r wsp:rsidRPr="00C34940"><w:rPr><w:rFonts w:ascii="Times New Roman" w:h-ansi="Times New Roman"/><wx:font wx:val="Times New Roman"/><w:sz w:val="24"/><w:sz-cs w:val="24"/></w:rPr><w:t>prototxt</w:t></w:r><w:proofErr w:type="spellEnd"/><w:r wsp:rsidRPr="00C34940"><w:rPr><w:rFonts w:ascii="Times New Roman" w:h-ansi="Times New Roman"/><wx:font wx:val="Times New Roman"/><w:sz w:val="24"/><w:sz-cs w:val="24"/></w:rPr><w:t> deploy.prototxt.txt --model </w:t></w:r></w:p><w:p wsp:rsidR="00C34940" wsp:rsidRPr="00C34940" wsp:rsidRDefault="00C34940" wsp:rsidP="00C34940"><w:pPr><w:rPr><w:rFonts w:ascii="Times New Roman" w:h-ansi="Times New Roman"/><wx:font wx:val="Times New Roman"/><w:sz w:val="24"/><w:sz-cs w:val="24"/></w:rPr></w:pPr><w:r wsp:rsidRPr="00C34940"><w:rPr><w:rFonts w:ascii="Times New Roman" w:h-ansi="Times New Roman"/><wx:font wx:val="Times New Roman"/><w:sz w:val="24"/><w:sz-cs w:val="24"/></w:rPr><w:t>res10_300x300_ssd_iter_140000.caffemodel</w:t></w:r></w:p><w:p wsp:rsidR="00C34940" wsp:rsidRPr="00C34940" wsp:rsidRDefault="00C34940" wsp:rsidP="00C34940"><w:pPr><w:rPr><w:rFonts w:ascii="Times New Roman" w:h-ansi="Times New Roman"/><wx:font wx:val="Times New Roman"/><w:sz w:val="24"/><w:sz-cs w:val="24"/></w:rPr></w:pPr><w:r wsp:rsidRPr="00C34940"><w:rPr><w:rFonts w:ascii="Times New Roman" w:h-ansi="Times New Roman"/><wx:font wx:val="Times New Roman"/><w:sz w:val="24"/><w:sz-cs w:val="24"/></w:rPr><w:t># import the necessary packages</w:t></w:r></w:p><w:p wsp:rsidR="00C34940" wsp:rsidRPr="00C34940" wsp:rsidRDefault="00C34940" wsp:rsidP="00C34940"><w:pPr><w:rPr><w:rFonts w:ascii="Times New Roman" w:h-ansi="Times New Roman"/><wx:font wx:val="Times New Roman"/><w:sz w:val="24"/><w:sz-cs w:val="24"/></w:rPr></w:pPr><w:proofErr w:type="gramStart"/><w:r wsp:rsidRPr="00C34940"><w:rPr><w:rFonts w:ascii="Times New Roman" w:h-ansi="Times New Roman"/><wx:font wx:val="Times New Roman"/><w:sz w:val="24"/><w:sz-cs w:val="24"/></w:rPr><w:t>from</w:t></w:r><w:proofErr w:type="gramEnd"/><w:r wsp:rsidRPr="00C34940"><w:rPr><w:rFonts w:ascii="Times New Roman" w:h-ansi="Times New Roman"/><wx:font wx:val="Times New Roman"/><w:sz w:val="24"/><w:sz-cs w:val="24"/></w:rPr><w:t> </w:t></w:r><w:proofErr w:type="spellStart"/><w:r wsp:rsidRPr="00C34940"><w:rPr><w:rFonts w:ascii="Times New Roman" w:h-ansi="Times New Roman"/><wx:font wx:val="Times New Roman"/><w:sz w:val="24"/><w:sz-cs w:val="24"/></w:rPr><w:t>imutils.video</w:t></w:r><w:proofErr w:type="spellEnd"/><w:r wsp:rsidRPr="00C34940"><w:rPr><w:rFonts w:ascii="Times New Roman" w:h-ansi="Times New Roman"/><wx:font wx:val="Times New Roman"/><w:sz w:val="24"/><w:sz-cs w:val="24"/></w:rPr><w:t> import </w:t></w:r><w:proofErr w:type="spellStart"/><w:r wsp:rsidRPr="00C34940"><w:rPr><w:rFonts w:ascii="Times New Roman" w:h-ansi="Times New Roman"/><wx:font wx:val="Times New Roman"/><w:sz w:val="24"/><w:sz-cs w:val="24"/></w:rPr><w:t>VideoStream</w:t></w:r><w:proofErr w:type="spellEnd"/></w:p><w:p wsp:rsidR="00C34940" wsp:rsidRPr="00C34940" wsp:rsidRDefault="00C34940" wsp:rsidP="00C34940"><w:pPr><w:rPr><w:rFonts w:ascii="Times New Roman" w:h-ansi="Times New Roman"/><wx:font wx:val="Times New Roman"/><w:sz w:val="24"/><w:sz-cs w:val="24"/></w:rPr></w:pPr><w:proofErr w:type="gramStart"/><w:r wsp:rsidRPr="00C34940"><w:rPr><w:rFonts w:ascii="Times New Roman" w:h-ansi="Times New Roman"/><wx:font wx:val="Times New Roman"/><w:sz w:val="24"/><w:sz-cs w:val="24"/></w:rPr><w:t>import</w:t></w:r><w:proofErr w:type="gramEnd"/><w:r wsp:rsidRPr="00C34940"><w:rPr><w:rFonts w:ascii="Times New Roman" w:h-ansi="Times New Roman"/><wx:font wx:val="Times New Roman"/><w:sz w:val="24"/><w:sz-cs w:val="24"/></w:rPr><w:t> </w:t></w:r><w:proofErr w:type="spellStart"/><w:r wsp:rsidRPr="00C34940"><w:rPr><w:rFonts w:ascii="Times New Roman" w:h-ansi="Times New Roman"/><wx:font wx:val="Times New Roman"/><w:sz w:val="24"/><w:sz-cs w:val="24"/></w:rPr><w:t>numpy</w:t></w:r><w:proofErr w:type="spellEnd"/><w:r wsp:rsidRPr="00C34940"><w:rPr><w:rFonts w:ascii="Times New Roman" w:h-ansi="Times New Roman"/><wx:font wx:val="Times New Roman"/><w:sz w:val="24"/><w:sz-cs w:val="24"/></w:rPr><w:t> as </w:t></w:r><w:proofErr w:type="spellStart"/><w:r wsp:rsidRPr="00C34940"><w:rPr><w:rFonts w:ascii="Times New Roman" w:h-ansi="Times New Roman"/><wx:font wx:val="Times New Roman"/><w:sz w:val="24"/><w:sz-cs w:val="24"/></w:rPr><w:t>np</w:t></w:r><w:proofErr w:type="spellEnd"/></w:p><w:p wsp:rsidR="00C34940" wsp:rsidRPr="00C34940" wsp:rsidRDefault="00C34940" wsp:rsidP="00C34940"><w:pPr><w:rPr><w:rFonts w:ascii="Times New Roman" w:h-ansi="Times New Roman"/><wx:font wx:val="Times New Roman"/><w:sz w:val="24"/><w:sz-cs w:val="24"/></w:rPr></w:pPr><w:proofErr w:type="gramStart"/><w:r wsp:rsidRPr="00C34940"><w:rPr><w:rFonts w:ascii="Times New Roman" w:h-ansi="Times New Roman"/><wx:font wx:val="Times New Roman"/><w:sz w:val="24"/><w:sz-cs w:val="24"/></w:rPr><w:t>import</w:t></w:r><w:proofErr w:type="gramEnd"/><w:r wsp:rsidRPr="00C34940"><w:rPr><w:rFonts w:ascii="Times New Roman" w:h-ansi="Times New Roman"/><wx:font wx:val="Times New Roman"/><w:sz w:val="24"/><w:sz-cs w:val="24"/></w:rPr><w:t> </w:t></w:r><w:proofErr w:type="spellStart"/><w:r wsp:rsidRPr="00C34940"><w:rPr><w:rFonts w:ascii="Times New Roman" w:h-ansi="Times New Roman"/><wx:font wx:val="Times New Roman"/><w:sz w:val="24"/><w:sz-cs w:val="24"/></w:rPr><w:t>argparse</w:t></w:r><w:proofErr w:type="spellEnd"/></w:p><w:p wsp:rsidR="00C34940" wsp:rsidRPr="00C34940" wsp:rsidRDefault="00C34940" wsp:rsidP="00C34940"><w:pPr><w:rPr><w:rFonts w:ascii="Times New Roman" w:h-ansi="Times New Roman"/><wx:font wx:val="Times New Roman"/><w:sz w:val="24"/><w:sz-cs w:val="24"/></w:rPr></w:pPr><w:proofErr w:type="gramStart"/><w:r wsp:rsidRPr="00C34940"><w:rPr><w:rFonts w:ascii="Times New Roman" w:h-ansi="Times New Roman"/><wx:font wx:val="Times New Roman"/><w:sz w:val="24"/><w:sz-cs w:val="24"/></w:rPr><w:t>import</w:t></w:r><w:proofErr w:type="gramEnd"/><w:r wsp:rsidRPr="00C34940"><w:rPr><w:rFonts w:ascii="Times New Roman" w:h-ansi="Times New Roman"/><wx:font wx:val="Times New Roman"/><w:sz w:val="24"/><w:sz-cs w:val="24"/></w:rPr><w:t> </w:t></w:r><w:proofErr w:type="spellStart"/><w:r wsp:rsidRPr="00C34940"><w:rPr><w:rFonts w:ascii="Times New Roman" w:h-ansi="Times New Roman"/><wx:font wx:val="Times New Roman"/><w:sz w:val="24"/><w:sz-cs w:val="24"/></w:rPr><w:t>imutils</w:t></w:r><w:proofErr w:type="spellEnd"/></w:p><w:p wsp:rsidR="00C34940" wsp:rsidRPr="00C34940" wsp:rsidRDefault="00C34940" wsp:rsidP="00C34940"><w:pPr><w:rPr><w:rFonts w:ascii="Times New Roman" w:h-ansi="Times New Roman"/><wx:font wx:val="Times New Roman"/><w:sz w:val="24"/><w:sz-cs w:val="24"/></w:rPr></w:pPr><w:proofErr w:type="gramStart"/><w:r wsp:rsidRPr="00C34940"><w:rPr><w:rFonts w:ascii="Times New Roman" w:h-ansi="Times New Roman"/><wx:font wx:val="Times New Roman"/><w:sz w:val="24"/><w:sz-cs w:val="24"/></w:rPr><w:t>import</w:t></w:r><w:proofErr w:type="gramEnd"/><w:r wsp:rsidRPr="00C34940"><w:rPr><w:rFonts w:ascii="Times New Roman" w:h-ansi="Times New Roman"/><wx:font wx:val="Times New Roman"/><w:sz w:val="24"/><w:sz-cs w:val="24"/></w:rPr><w:t> time</w:t></w:r></w:p><w:p wsp:rsidR="00C34940" wsp:rsidRPr="00C34940" wsp:rsidRDefault="00C34940" wsp:rsidP="00C34940"><w:pPr><w:rPr><w:rFonts w:ascii="Times New Roman" w:h-ansi="Times New Roman"/><wx:font wx:val="Times New Roman"/><w:sz w:val="24"/><w:sz-cs w:val="24"/></w:rPr></w:pPr><w:proofErr w:type="gramStart"/><w:r wsp:rsidRPr="00C34940"><w:rPr><w:rFonts w:ascii="Times New Roman" w:h-ansi="Times New Roman"/><wx:font wx:val="Times New Roman"/><w:sz w:val="24"/><w:sz-cs w:val="24"/></w:rPr><w:t>import</w:t></w:r><w:proofErr w:type="gramEnd"/><w:r wsp:rsidRPr="00C34940"><w:rPr><w:rFonts w:ascii="Times New Roman" w:h-ansi="Times New Roman"/><wx:font wx:val="Times New Roman"/><w:sz w:val="24"/><w:sz-cs w:val="24"/></w:rPr><w:t> cv2</w:t></w:r></w:p><w:p wsp:rsidR="00C34940" wsp:rsidRPr="00C34940" wsp:rsidRDefault="00C34940" wsp:rsidP="00C34940"><w:pPr><w:rPr><w:rFonts w:ascii="Times New Roman" w:h-ansi="Times New Roman"/><wx:font wx:val="Times New Roman"/><w:sz w:val="24"/><w:sz-cs w:val="24"/></w:rPr></w:pPr><w:r wsp:rsidRPr="00C34940"><w:rPr><w:rFonts w:ascii="Times New Roman" w:h-ansi="Times New Roman"/><wx:font wx:val="Times New Roman"/><w:sz w:val="24"/><w:sz-cs w:val="24"/></w:rPr><w:t># </w:t></w:r><w:proofErr w:type="gramStart"/><w:r wsp:rsidRPr="00C34940"><w:rPr><w:rFonts w:ascii="Times New Roman" w:h-ansi="Times New Roman"/><wx:font wx:val="Times New Roman"/><w:sz w:val="24"/><w:sz-cs w:val="24"/></w:rPr><w:t>construct</w:t></w:r><w:proofErr w:type="gramEnd"/><w:r wsp:rsidRPr="00C34940"><w:rPr><w:rFonts w:ascii="Times New Roman" w:h-ansi="Times New Roman"/><wx:font wx:val="Times New Roman"/><w:sz w:val="24"/><w:sz-cs w:val="24"/></w:rPr><w:t> the argument parse and parse the arguments</w:t></w:r></w:p><w:p wsp:rsidR="00C34940" wsp:rsidRPr="00C34940" wsp:rsidRDefault="00C34940" wsp:rsidP="00C34940"><w:pPr><w:rPr><w:rFonts w:ascii="Times New Roman" w:h-ansi="Times New Roman"/><wx:font wx:val="Times New Roman"/><w:sz w:val="24"/><w:sz-cs w:val="24"/></w:rPr></w:pPr><w:proofErr w:type="spellStart"/><w:proofErr w:type="gramStart"/><w:r wsp:rsidRPr="00C34940"><w:rPr><w:rFonts w:ascii="Times New Roman" w:h-ansi="Times New Roman"/><wx:font wx:val="Times New Roman"/><w:sz w:val="24"/><w:sz-cs w:val="24"/></w:rPr><w:t>ap</w:t></w:r><w:proofErr w:type="spellEnd"/><w:proofErr w:type="gramEnd"/><w:r wsp:rsidRPr="00C34940"><w:rPr><w:rFonts w:ascii="Times New Roman" w:h-ansi="Times New Roman"/><wx:font wx:val="Times New Roman"/><w:sz w:val="24"/><w:sz-cs w:val="24"/></w:rPr><w:t> = </w:t></w:r><w:proofErr w:type="spellStart"/><w:r wsp:rsidRPr="00C34940"><w:rPr><w:rFonts w:ascii="Times New Roman" w:h-ansi="Times New Roman"/><wx:font wx:val="Times New Roman"/><w:sz w:val="24"/><w:sz-cs w:val="24"/></w:rPr><w:t>argparse.ArgumentParser</w:t></w:r><w:proofErr w:type="spellEnd"/><w:r wsp:rsidRPr="00C34940"><w:rPr><w:rFonts w:ascii="Times New Roman" w:h-ansi="Times New Roman"/><wx:font wx:val="Times New Roman"/><w:sz w:val="24"/><w:sz-cs w:val="24"/></w:rPr><w:t>()</w:t></w:r></w:p><w:p wsp:rsidR="00C34940" wsp:rsidRPr="00C34940" wsp:rsidRDefault="00C34940" wsp:rsidP="00C34940"><w:pPr><w:rPr><w:rFonts w:ascii="Times New Roman" w:h-ansi="Times New Roman"/><wx:font wx:val="Times New Roman"/><w:sz w:val="24"/><w:sz-cs w:val="24"/></w:rPr></w:pPr><w:proofErr w:type="spellStart"/><w:r wsp:rsidRPr="00C34940"><w:rPr><w:rFonts w:ascii="Times New Roman" w:h-ansi="Times New Roman"/><wx:font wx:val="Times New Roman"/><w:sz w:val="24"/><w:sz-cs w:val="24"/></w:rPr><w:t>ap.add_</w:t></w:r><w:proofErr w:type="gramStart"/><w:r wsp:rsidRPr="00C34940"><w:rPr><w:rFonts w:ascii="Times New Roman" w:h-ansi="Times New Roman"/><wx:font wx:val="Times New Roman"/><w:sz w:val="24"/><w:sz-cs w:val="24"/></w:rPr><w:t>argument</w:t></w:r><w:proofErr w:type="spellEnd"/><w:r wsp:rsidRPr="00C34940"><w:rPr><w:rFonts w:ascii="Times New Roman" w:h-ansi="Times New Roman"/><wx:font wx:val="Times New Roman"/><w:sz w:val="24"/><w:sz-cs w:val="24"/></w:rPr><w:t>(</w:t></w:r><w:proofErr w:type="gramEnd"/><w:r wsp:rsidRPr="00C34940"><w:rPr><w:rFonts w:ascii="Times New Roman" w:h-ansi="Times New Roman"/><wx:font wx:val="Times New Roman"/><w:sz w:val="24"/><w:sz-cs w:val="24"/></w:rPr><w:t>"-p", "--</w:t></w:r><w:proofErr w:type="spellStart"/><w:r wsp:rsidRPr="00C34940"><w:rPr><w:rFonts w:ascii="Times New Roman" w:h-ansi="Times New Roman"/><wx:font wx:val="Times New Roman"/><w:sz w:val="24"/><w:sz-cs w:val="24"/></w:rPr><w:t>prototxt</w:t></w:r><w:proofErr w:type="spellEnd"/><w:r wsp:rsidRPr="00C34940"><w:rPr><w:rFonts w:ascii="Times New Roman" w:h-ansi="Times New Roman"/><wx:font wx:val="Times New Roman"/><w:sz w:val="24"/><w:sz-cs w:val="24"/></w:rPr><w:t>", required=True,</w:t></w:r></w:p><w:p wsp:rsidR="00C34940" wsp:rsidRPr="00C34940" wsp:rsidRDefault="00C34940" wsp:rsidP="00C34940"><w:pPr><w:rPr><w:rFonts w:ascii="Times New Roman" w:h-ansi="Times New Roman"/><wx:font wx:val="Times New Roman"/><w:sz w:val="24"/><w:sz-cs w:val="24"/></w:rPr></w:pPr><w:proofErr w:type="gramStart"/><w:r wsp:rsidRPr="00C34940"><w:rPr><w:rFonts w:ascii="Times New Roman" w:h-ansi="Times New Roman"/><wx:font wx:val="Times New Roman"/><w:sz w:val="24"/><w:sz-cs w:val="24"/></w:rPr><w:t>help</w:t></w:r><w:proofErr w:type="gramEnd"/><w:r wsp:rsidRPr="00C34940"><w:rPr><w:rFonts w:ascii="Times New Roman" w:h-ansi="Times New Roman"/><wx:font wx:val="Times New Roman"/><w:sz w:val="24"/><w:sz-cs w:val="24"/></w:rPr><w:t>="path to </w:t></w:r><w:proofErr w:type="spellStart"/><w:r wsp:rsidRPr="00C34940"><w:rPr><w:rFonts w:ascii="Times New Roman" w:h-ansi="Times New Roman"/><wx:font wx:val="Times New Roman"/><w:sz w:val="24"/><w:sz-cs w:val="24"/></w:rPr><w:t>Caffe</w:t></w:r><w:proofErr w:type="spellEnd"/><w:r wsp:rsidRPr="00C34940"><w:rPr><w:rFonts w:ascii="Times New Roman" w:h-ansi="Times New Roman"/><wx:font wx:val="Times New Roman"/><w:sz w:val="24"/><w:sz-cs w:val="24"/></w:rPr><w:t> 'deploy' </w:t></w:r><w:proofErr w:type="spellStart"/><w:r wsp:rsidRPr="00C34940"><w:rPr><w:rFonts w:ascii="Times New Roman" w:h-ansi="Times New Roman"/><wx:font wx:val="Times New Roman"/><w:sz w:val="24"/><w:sz-cs w:val="24"/></w:rPr><w:t>prototxt</w:t></w:r><w:proofErr w:type="spellEnd"/><w:r wsp:rsidRPr="00C34940"><w:rPr><w:rFonts w:ascii="Times New Roman" w:h-ansi="Times New Roman"/><wx:font wx:val="Times New Roman"/><w:sz w:val="24"/><w:sz-cs w:val="24"/></w:rPr><w:t> file")</w:t></w:r></w:p><w:p wsp:rsidR="00C34940" wsp:rsidRPr="00C34940" wsp:rsidRDefault="00C34940" wsp:rsidP="00C34940"><w:pPr><w:rPr><w:rFonts w:ascii="Times New Roman" w:h-ansi="Times New Roman"/><wx:font wx:val="Times New Roman"/><w:sz w:val="24"/><w:sz-cs w:val="24"/></w:rPr></w:pPr><w:proofErr w:type="spellStart"/><w:r wsp:rsidRPr="00C34940"><w:rPr><w:rFonts w:ascii="Times New Roman" w:h-ansi="Times New Roman"/><wx:font wx:val="Times New Roman"/><w:sz w:val="24"/><w:sz-cs w:val="24"/></w:rPr><w:t>ap.add_</w:t></w:r><w:proofErr w:type="gramStart"/><w:r wsp:rsidRPr="00C34940"><w:rPr><w:rFonts w:ascii="Times New Roman" w:h-ansi="Times New Roman"/><wx:font wx:val="Times New Roman"/><w:sz w:val="24"/><w:sz-cs w:val="24"/></w:rPr><w:t>argument</w:t></w:r><w:proofErr w:type="spellEnd"/><w:r wsp:rsidRPr="00C34940"><w:rPr><w:rFonts w:ascii="Times New Roman" w:h-ansi="Times New Roman"/><wx:font wx:val="Times New Roman"/><w:sz w:val="24"/><w:sz-cs w:val="24"/></w:rPr><w:t>(</w:t></w:r><w:proofErr w:type="gramEnd"/><w:r wsp:rsidRPr="00C34940"><w:rPr><w:rFonts w:ascii="Times New Roman" w:h-ansi="Times New Roman"/><wx:font wx:val="Times New Roman"/><w:sz w:val="24"/><w:sz-cs w:val="24"/></w:rPr><w:t>"-m", "--model", required=True,</w:t></w:r></w:p><w:p wsp:rsidR="00C34940" wsp:rsidRPr="00C34940" wsp:rsidRDefault="00C34940" wsp:rsidP="00C34940"><w:pPr><w:rPr><w:rFonts w:ascii="Times New Roman" w:h-ansi="Times New Roman"/><wx:font wx:val="Times New Roman"/><w:sz w:val="24"/><w:sz-cs w:val="24"/></w:rPr></w:pPr><w:proofErr w:type="gramStart"/><w:r wsp:rsidRPr="00C34940"><w:rPr><w:rFonts w:ascii="Times New Roman" w:h-ansi="Times New Roman"/><wx:font wx:val="Times New Roman"/><w:sz w:val="24"/><w:sz-cs w:val="24"/></w:rPr><w:t>help</w:t></w:r><w:proofErr w:type="gramEnd"/><w:r wsp:rsidRPr="00C34940"><w:rPr><w:rFonts w:ascii="Times New Roman" w:h-ansi="Times New Roman"/><wx:font wx:val="Times New Roman"/><w:sz w:val="24"/><w:sz-cs w:val="24"/></w:rPr><w:t>="path to </w:t></w:r><w:proofErr w:type="spellStart"/><w:r wsp:rsidRPr="00C34940"><w:rPr><w:rFonts w:ascii="Times New Roman" w:h-ansi="Times New Roman"/><wx:font wx:val="Times New Roman"/><w:sz w:val="24"/><w:sz-cs w:val="24"/></w:rPr><w:t>Caffe</w:t></w:r><w:proofErr w:type="spellEnd"/><w:r wsp:rsidRPr="00C34940"><w:rPr><w:rFonts w:ascii="Times New Roman" w:h-ansi="Times New Roman"/><wx:font wx:val="Times New Roman"/><w:sz w:val="24"/><w:sz-cs w:val="24"/></w:rPr><w:t> pre-trained model")</w:t></w:r></w:p><w:p wsp:rsidR="00C34940" wsp:rsidRPr="00C34940" wsp:rsidRDefault="00C34940" wsp:rsidP="00C34940"><w:pPr><w:rPr><w:rFonts w:ascii="Times New Roman" w:h-ansi="Times New Roman"/><wx:font wx:val="Times New Roman"/><w:sz w:val="24"/><w:sz-cs w:val="24"/></w:rPr></w:pPr><w:proofErr w:type="spellStart"/><w:r wsp:rsidRPr="00C34940"><w:rPr><w:rFonts w:ascii="Times New Roman" w:h-ansi="Times New Roman"/><wx:font wx:val="Times New Roman"/><w:sz w:val="24"/><w:sz-cs w:val="24"/></w:rPr><w:t>ap.add_</w:t></w:r><w:proofErr w:type="gramStart"/><w:r wsp:rsidRPr="00C34940"><w:rPr><w:rFonts w:ascii="Times New Roman" w:h-ansi="Times New Roman"/><wx:font wx:val="Times New Roman"/><w:sz w:val="24"/><w:sz-cs w:val="24"/></w:rPr><w:t>argument</w:t></w:r><w:proofErr w:type="spellEnd"/><w:r wsp:rsidRPr="00C34940"><w:rPr><w:rFonts w:ascii="Times New Roman" w:h-ansi="Times New Roman"/><wx:font wx:val="Times New Roman"/><w:sz w:val="24"/><w:sz-cs w:val="24"/></w:rPr><w:t>(</w:t></w:r><w:proofErr w:type="gramEnd"/><w:r wsp:rsidRPr="00C34940"><w:rPr><w:rFonts w:ascii="Times New Roman" w:h-ansi="Times New Roman"/><wx:font wx:val="Times New Roman"/><w:sz w:val="24"/><w:sz-cs w:val="24"/></w:rPr><w:t>"-c", "--confidence", type=float, default=0.5,</w:t></w:r></w:p><w:p wsp:rsidR="00C34940" wsp:rsidRPr="00C34940" wsp:rsidRDefault="00C34940" wsp:rsidP="00C34940"><w:pPr><w:rPr><w:rFonts w:ascii="Times New Roman" w:h-ansi="Times New Roman"/><wx:font wx:val="Times New Roman"/><w:sz w:val="24"/><w:sz-cs w:val="24"/></w:rPr></w:pPr><w:proofErr w:type="gramStart"/><w:r wsp:rsidRPr="00C34940"><w:rPr><w:rFonts w:ascii="Times New Roman" w:h-ansi="Times New Roman"/><wx:font wx:val="Times New Roman"/><w:sz w:val="24"/><w:sz-cs w:val="24"/></w:rPr><w:t>help</w:t></w:r><w:proofErr w:type="gramEnd"/><w:r wsp:rsidRPr="00C34940"><w:rPr><w:rFonts w:ascii="Times New Roman" w:h-ansi="Times New Roman"/><wx:font wx:val="Times New Roman"/><w:sz w:val="24"/><w:sz-cs w:val="24"/></w:rPr><w:t>="minimum probability to filter weak detections")</w:t></w:r></w:p><w:p wsp:rsidR="00C34940" wsp:rsidRPr="00C34940" wsp:rsidRDefault="00C34940" wsp:rsidP="00C34940"><w:pPr><w:rPr><w:rFonts w:ascii="Times New Roman" w:h-ansi="Times New Roman"/><wx:font wx:val="Times New Roman"/><w:sz w:val="24"/><w:sz-cs w:val="24"/></w:rPr></w:pPr><w:proofErr w:type="spellStart"/><w:proofErr w:type="gramStart"/><w:r wsp:rsidRPr="00C34940"><w:rPr><w:rFonts w:ascii="Times New Roman" w:h-ansi="Times New Roman"/><wx:font wx:val="Times New Roman"/><w:sz w:val="24"/><w:sz-cs w:val="24"/></w:rPr><w:t>args</w:t></w:r><w:proofErr w:type="spellEnd"/><w:proofErr w:type="gramEnd"/><w:r wsp:rsidRPr="00C34940"><w:rPr><w:rFonts w:ascii="Times New Roman" w:h-ansi="Times New Roman"/><wx:font wx:val="Times New Roman"/><w:sz w:val="24"/><w:sz-cs w:val="24"/></w:rPr><w:t> = </w:t></w:r><w:proofErr w:type="spellStart"/><w:r wsp:rsidRPr="00C34940"><w:rPr><w:rFonts w:ascii="Times New Roman" w:h-ansi="Times New Roman"/><wx:font wx:val="Times New Roman"/><w:sz w:val="24"/><w:sz-cs w:val="24"/></w:rPr><w:t>vars</w:t></w:r><w:proofErr w:type="spellEnd"/><w:r wsp:rsidRPr="00C34940"><w:rPr><w:rFonts w:ascii="Times New Roman" w:h-ansi="Times New Roman"/><wx:font wx:val="Times New Roman"/><w:sz w:val="24"/><w:sz-cs w:val="24"/></w:rPr><w:t>(</w:t></w:r><w:proofErr w:type="spellStart"/><w:r wsp:rsidRPr="00C34940"><w:rPr><w:rFonts w:ascii="Times New Roman" w:h-ansi="Times New Roman"/><wx:font wx:val="Times New Roman"/><w:sz w:val="24"/><w:sz-cs w:val="24"/></w:rPr><w:t>ap.parse_args</w:t></w:r><w:proofErr w:type="spellEnd"/><w:r wsp:rsidRPr="00C34940"><w:rPr><w:rFonts w:ascii="Times New Roman" w:h-ansi="Times New Roman"/><wx:font wx:val="Times New Roman"/><w:sz w:val="24"/><w:sz-cs w:val="24"/></w:rPr><w:t>())</w:t></w:r></w:p><w:p wsp:rsidR="00C34940" wsp:rsidRPr="00C34940" wsp:rsidRDefault="00C34940" wsp:rsidP="00C34940"><w:pPr><w:rPr><w:rFonts w:ascii="Times New Roman" w:h-ansi="Times New Roman"/><wx:font wx:val="Times New Roman"/><w:sz w:val="24"/><w:sz-cs w:val="24"/></w:rPr></w:pPr><w:r wsp:rsidRPr="00C34940"><w:rPr><w:rFonts w:ascii="Times New Roman" w:h-ansi="Times New Roman"/><wx:font wx:val="Times New Roman"/><w:sz w:val="24"/><w:sz-cs w:val="24"/></w:rPr><w:t># load our serialized model from disk</w:t></w:r></w:p><w:p wsp:rsidR="00C34940" wsp:rsidRPr="00C34940" wsp:rsidRDefault="00C34940" wsp:rsidP="00C34940"><w:pPr><w:rPr><w:rFonts w:ascii="Times New Roman" w:h-ansi="Times New Roman"/><wx:font wx:val="Times New Roman"/><w:sz w:val="24"/><w:sz-cs w:val="24"/></w:rPr></w:pPr><w:proofErr w:type="gramStart"/><w:r wsp:rsidRPr="00C34940"><w:rPr><w:rFonts w:ascii="Times New Roman" w:h-ansi="Times New Roman"/><wx:font wx:val="Times New Roman"/><w:sz w:val="24"/><w:sz-cs w:val="24"/></w:rPr><w:t>print(</w:t></w:r><w:proofErr w:type="gramEnd"/><w:r wsp:rsidRPr="00C34940"><w:rPr><w:rFonts w:ascii="Times New Roman" w:h-ansi="Times New Roman"/><wx:font wx:val="Times New Roman"/><w:sz w:val="24"/><w:sz-cs w:val="24"/></w:rPr><w:t>"[INFO] loading model...")</w:t></w:r></w:p><w:p wsp:rsidR="00C34940" wsp:rsidRPr="00C34940" wsp:rsidRDefault="00C34940" wsp:rsidP="00C34940"><w:pPr><w:rPr><w:rFonts w:ascii="Times New Roman" w:h-ansi="Times New Roman"/><wx:font wx:val="Times New Roman"/><w:sz w:val="24"/><w:sz-cs w:val="24"/></w:rPr></w:pPr><w:proofErr w:type="gramStart"/><w:r wsp:rsidRPr="00C34940"><w:rPr><w:rFonts w:ascii="Times New Roman" w:h-ansi="Times New Roman"/><wx:font wx:val="Times New Roman"/><w:sz w:val="24"/><w:sz-cs w:val="24"/></w:rPr><w:t>net</w:t></w:r><w:proofErr w:type="gramEnd"/><w:r wsp:rsidRPr="00C34940"><w:rPr><w:rFonts w:ascii="Times New Roman" w:h-ansi="Times New Roman"/><wx:font wx:val="Times New Roman"/><w:sz w:val="24"/><w:sz-cs w:val="24"/></w:rPr><w:t> = cv2.dnn.readNetFromCaffe(</w:t></w:r><w:proofErr w:type="spellStart"/><w:r wsp:rsidRPr="00C34940"><w:rPr><w:rFonts w:ascii="Times New Roman" w:h-ansi="Times New Roman"/><wx:font wx:val="Times New Roman"/><w:sz w:val="24"/><w:sz-cs w:val="24"/></w:rPr><w:t>args</w:t></w:r><w:proofErr w:type="spellEnd"/><w:r wsp:rsidRPr="00C34940"><w:rPr><w:rFonts w:ascii="Times New Roman" w:h-ansi="Times New Roman"/><wx:font wx:val="Times New Roman"/><w:sz w:val="24"/><w:sz-cs w:val="24"/></w:rPr><w:t>["</w:t></w:r><w:proofErr w:type="spellStart"/><w:r wsp:rsidRPr="00C34940"><w:rPr><w:rFonts w:ascii="Times New Roman" w:h-ansi="Times New Roman"/><wx:font wx:val="Times New Roman"/><w:sz w:val="24"/><w:sz-cs w:val="24"/></w:rPr><w:t>prototxt</w:t></w:r><w:proofErr w:type="spellEnd"/><w:r wsp:rsidRPr="00C34940"><w:rPr><w:rFonts w:ascii="Times New Roman" w:h-ansi="Times New Roman"/><wx:font wx:val="Times New Roman"/><w:sz w:val="24"/><w:sz-cs w:val="24"/></w:rPr><w:t>"], </w:t></w:r><w:proofErr w:type="spellStart"/><w:r wsp:rsidRPr="00C34940"><w:rPr><w:rFonts w:ascii="Times New Roman" w:h-ansi="Times New Roman"/><wx:font wx:val="Times New Roman"/><w:sz w:val="24"/><w:sz-cs w:val="24"/></w:rPr><w:t>args</w:t></w:r><w:proofErr w:type="spellEnd"/><w:r wsp:rsidRPr="00C34940"><w:rPr><w:rFonts w:ascii="Times New Roman" w:h-ansi="Times New Roman"/><wx:font wx:val="Times New Roman"/><w:sz w:val="24"/><w:sz-cs w:val="24"/></w:rPr><w:t>["model"])</w:t></w:r></w:p><w:p wsp:rsidR="00C34940" wsp:rsidRPr="00C34940" wsp:rsidRDefault="00C34940" wsp:rsidP="00C34940"><w:pPr><w:rPr><w:rFonts w:ascii="Times New Roman" w:h-ansi="Times New Roman"/><wx:font wx:val="Times New Roman"/><w:sz w:val="24"/><w:sz-cs w:val="24"/></w:rPr></w:pPr><w:r wsp:rsidRPr="00C34940"><w:rPr><w:rFonts w:ascii="Times New Roman" w:h-ansi="Times New Roman"/><wx:font wx:val="Times New Roman"/><w:sz w:val="24"/><w:sz-cs w:val="24"/></w:rPr><w:t># </w:t></w:r><w:proofErr w:type="gramStart"/><w:r wsp:rsidRPr="00C34940"><w:rPr><w:rFonts w:ascii="Times New Roman" w:h-ansi="Times New Roman"/><wx:font wx:val="Times New Roman"/><w:sz w:val="24"/><w:sz-cs w:val="24"/></w:rPr><w:t>initialize</w:t></w:r><w:proofErr w:type="gramEnd"/><w:r wsp:rsidRPr="00C34940"><w:rPr><w:rFonts w:ascii="Times New Roman" w:h-ansi="Times New Roman"/><wx:font wx:val="Times New Roman"/><w:sz w:val="24"/><w:sz-cs w:val="24"/></w:rPr><w:t> the video stream and allow the </w:t></w:r><w:proofErr w:type="spellStart"/><w:r wsp:rsidRPr="00C34940"><w:rPr><w:rFonts w:ascii="Times New Roman" w:h-ansi="Times New Roman"/><wx:font wx:val="Times New Roman"/><w:sz w:val="24"/><w:sz-cs w:val="24"/></w:rPr><w:t>cammera</w:t></w:r><w:proofErr w:type="spellEnd"/><w:r wsp:rsidRPr="00C34940"><w:rPr><w:rFonts w:ascii="Times New Roman" w:h-ansi="Times New Roman"/><wx:font wx:val="Times New Roman"/><w:sz w:val="24"/><w:sz-cs w:val="24"/></w:rPr><w:t> sensor to </w:t></w:r><w:proofErr w:type="spellStart"/><w:r wsp:rsidRPr="00C34940"><w:rPr><w:rFonts w:ascii="Times New Roman" w:h-ansi="Times New Roman"/><wx:font wx:val="Times New Roman"/><w:sz w:val="24"/><w:sz-cs w:val="24"/></w:rPr><w:t>warmup</w:t></w:r><w:proofErr w:type="spellEnd"/></w:p><w:p wsp:rsidR="00C34940" wsp:rsidRPr="00C34940" wsp:rsidRDefault="00C34940" wsp:rsidP="00C34940"><w:pPr><w:rPr><w:rFonts w:ascii="Times New Roman" w:h-ansi="Times New Roman"/><wx:font wx:val="Times New Roman"/><w:sz w:val="24"/><w:sz-cs w:val="24"/></w:rPr></w:pPr><w:proofErr w:type="gramStart"/><w:r wsp:rsidRPr="00C34940"><w:rPr><w:rFonts w:ascii="Times New Roman" w:h-ansi="Times New Roman"/><wx:font wx:val="Times New Roman"/><w:sz w:val="24"/><w:sz-cs w:val="24"/></w:rPr><w:t>print(</w:t></w:r><w:proofErr w:type="gramEnd"/><w:r wsp:rsidRPr="00C34940"><w:rPr><w:rFonts w:ascii="Times New Roman" w:h-ansi="Times New Roman"/><wx:font wx:val="Times New Roman"/><w:sz w:val="24"/><w:sz-cs w:val="24"/></w:rPr><w:t>"[INFO] starting video stream...")</w:t></w:r></w:p><w:p wsp:rsidR="00C34940" wsp:rsidRPr="00C34940" wsp:rsidRDefault="00C34940" wsp:rsidP="00C34940"><w:pPr><w:rPr><w:rFonts w:ascii="Times New Roman" w:h-ansi="Times New Roman"/><wx:font wx:val="Times New Roman"/><w:sz w:val="24"/><w:sz-cs w:val="24"/></w:rPr></w:pPr><w:proofErr w:type="spellStart"/><w:proofErr w:type="gramStart"/><w:r wsp:rsidRPr="00C34940"><w:rPr><w:rFonts w:ascii="Times New Roman" w:h-ansi="Times New Roman"/><wx:font wx:val="Times New Roman"/><w:sz w:val="24"/><w:sz-cs w:val="24"/></w:rPr><w:t>vs</w:t></w:r><w:proofErr w:type="spellEnd"/><w:proofErr w:type="gramEnd"/><w:r wsp:rsidRPr="00C34940"><w:rPr><w:rFonts w:ascii="Times New Roman" w:h-ansi="Times New Roman"/><wx:font wx:val="Times New Roman"/><w:sz w:val="24"/><w:sz-cs w:val="24"/></w:rPr><w:t> = </w:t></w:r><w:proofErr w:type="spellStart"/><w:r wsp:rsidRPr="00C34940"><w:rPr><w:rFonts w:ascii="Times New Roman" w:h-ansi="Times New Roman"/><wx:font wx:val="Times New Roman"/><w:sz w:val="24"/><w:sz-cs w:val="24"/></w:rPr><w:t>VideoStream</w:t></w:r><w:proofErr w:type="spellEnd"/><w:r wsp:rsidRPr="00C34940"><w:rPr><w:rFonts w:ascii="Times New Roman" w:h-ansi="Times New Roman"/><wx:font wx:val="Times New Roman"/><w:sz w:val="24"/><w:sz-cs w:val="24"/></w:rPr><w:t>(</w:t></w:r><w:proofErr w:type="spellStart"/><w:r wsp:rsidRPr="00C34940"><w:rPr><w:rFonts w:ascii="Times New Roman" w:h-ansi="Times New Roman"/><wx:font wx:val="Times New Roman"/><w:sz w:val="24"/><w:sz-cs w:val="24"/></w:rPr><w:t>src</w:t></w:r><w:proofErr w:type="spellEnd"/><w:r wsp:rsidRPr="00C34940"><w:rPr><w:rFonts w:ascii="Times New Roman" w:h-ansi="Times New Roman"/><wx:font wx:val="Times New Roman"/><w:sz w:val="24"/><w:sz-cs w:val="24"/></w:rPr><w:t>=0).start()</w:t></w:r></w:p><w:p wsp:rsidR="00C34940" wsp:rsidRPr="00C34940" wsp:rsidRDefault="00C34940" wsp:rsidP="00C34940"><w:pPr><w:rPr><w:rFonts w:ascii="Times New Roman" w:h-ansi="Times New Roman"/><wx:font wx:val="Times New Roman"/><w:sz w:val="24"/><w:sz-cs w:val="24"/></w:rPr></w:pPr><w:proofErr w:type="spellStart"/><w:proofErr w:type="gramStart"/><w:r wsp:rsidRPr="00C34940"><w:rPr><w:rFonts w:ascii="Times New Roman" w:h-ansi="Times New Roman"/><wx:font wx:val="Times New Roman"/><w:sz w:val="24"/><w:sz-cs w:val="24"/></w:rPr><w:t>time.sleep</w:t></w:r><w:proofErr w:type="spellEnd"/><w:r wsp:rsidRPr="00C34940"><w:rPr><w:rFonts w:ascii="Times New Roman" w:h-ansi="Times New Roman"/><wx:font wx:val="Times New Roman"/><w:sz w:val="24"/><w:sz-cs w:val="24"/></w:rPr><w:t>(</w:t></w:r><w:proofErr w:type="gramEnd"/><w:r wsp:rsidRPr="00C34940"><w:rPr><w:rFonts w:ascii="Times New Roman" w:h-ansi="Times New Roman"/><wx:font wx:val="Times New Roman"/><w:sz w:val="24"/><w:sz-cs w:val="24"/></w:rPr><w:t>2.0)</w:t></w:r></w:p><w:p wsp:rsidR="00C34940" wsp:rsidRPr="00C34940" wsp:rsidRDefault="00C34940" wsp:rsidP="00C34940"><w:pPr><w:rPr><w:rFonts w:ascii="Times New Roman" w:h-ansi="Times New Roman"/><wx:font wx:val="Times New Roman"/><w:sz w:val="24"/><w:sz-cs w:val="24"/></w:rPr></w:pPr><w:r wsp:rsidRPr="00C34940"><w:rPr><w:rFonts w:ascii="Times New Roman" w:h-ansi="Times New Roman"/><wx:font wx:val="Times New Roman"/><w:sz w:val="24"/><w:sz-cs w:val="24"/></w:rPr><w:t># loop over the frames from the video stream</w:t></w:r></w:p><w:p wsp:rsidR="00C34940" wsp:rsidRPr="00C34940" wsp:rsidRDefault="00C34940" wsp:rsidP="00C34940"><w:pPr><w:rPr><w:rFonts w:ascii="Times New Roman" w:h-ansi="Times New Roman"/><wx:font wx:val="Times New Roman"/><w:sz w:val="24"/><w:sz-cs w:val="24"/></w:rPr></w:pPr><w:proofErr w:type="gramStart"/><w:r wsp:rsidRPr="00C34940"><w:rPr><w:rFonts w:ascii="Times New Roman" w:h-ansi="Times New Roman"/><wx:font wx:val="Times New Roman"/><w:sz w:val="24"/><w:sz-cs w:val="24"/></w:rPr><w:t>while</w:t></w:r><w:proofErr w:type="gramEnd"/><w:r wsp:rsidRPr="00C34940"><w:rPr><w:rFonts w:ascii="Times New Roman" w:h-ansi="Times New Roman"/><wx:font wx:val="Times New Roman"/><w:sz w:val="24"/><w:sz-cs w:val="24"/></w:rPr><w:t> True:</w:t></w:r></w:p><w:p wsp:rsidR="00C34940" wsp:rsidRPr="00C34940" wsp:rsidRDefault="00C34940" wsp:rsidP="00C34940"><w:pPr><w:rPr><w:rFonts w:ascii="Times New Roman" w:h-ansi="Times New Roman"/><wx:font wx:val="Times New Roman"/><w:sz w:val="24"/><w:sz-cs w:val="24"/></w:rPr></w:pPr><w:r wsp:rsidRPr="00C34940"><w:rPr><w:rFonts w:ascii="Times New Roman" w:h-ansi="Times New Roman"/><wx:font wx:val="Times New Roman"/><w:sz w:val="24"/><w:sz-cs w:val="24"/></w:rPr><w:t># </w:t></w:r><w:proofErr w:type="gramStart"/><w:r wsp:rsidRPr="00C34940"><w:rPr><w:rFonts w:ascii="Times New Roman" w:h-ansi="Times New Roman"/><wx:font wx:val="Times New Roman"/><w:sz w:val="24"/><w:sz-cs w:val="24"/></w:rPr><w:t>grab</w:t></w:r><w:proofErr w:type="gramEnd"/><w:r wsp:rsidRPr="00C34940"><w:rPr><w:rFonts w:ascii="Times New Roman" w:h-ansi="Times New Roman"/><wx:font wx:val="Times New Roman"/><w:sz w:val="24"/><w:sz-cs w:val="24"/></w:rPr><w:t> the frame from the threaded video stream and resize it</w:t></w:r></w:p><w:p wsp:rsidR="00C34940" wsp:rsidRPr="00C34940" wsp:rsidRDefault="00C34940" wsp:rsidP="00C34940"><w:pPr><w:rPr><w:rFonts w:ascii="Times New Roman" w:h-ansi="Times New Roman"/><wx:font wx:val="Times New Roman"/><w:sz w:val="24"/><w:sz-cs w:val="24"/></w:rPr></w:pPr><w:r wsp:rsidRPr="00C34940"><w:rPr><w:rFonts w:ascii="Times New Roman" w:h-ansi="Times New Roman"/><wx:font wx:val="Times New Roman"/><w:sz w:val="24"/><w:sz-cs w:val="24"/></w:rPr><w:t># </w:t></w:r><w:proofErr w:type="gramStart"/><w:r wsp:rsidRPr="00C34940"><w:rPr><w:rFonts w:ascii="Times New Roman" w:h-ansi="Times New Roman"/><wx:font wx:val="Times New Roman"/><w:sz w:val="24"/><w:sz-cs w:val="24"/></w:rPr><w:t>to</w:t></w:r><w:proofErr w:type="gramEnd"/><w:r wsp:rsidRPr="00C34940"><w:rPr><w:rFonts w:ascii="Times New Roman" w:h-ansi="Times New Roman"/><wx:font wx:val="Times New Roman"/><w:sz w:val="24"/><w:sz-cs w:val="24"/></w:rPr><w:t> have a maximum width of 400 pixels</w:t></w:r></w:p><w:p wsp:rsidR="00C34940" wsp:rsidRPr="00C34940" wsp:rsidRDefault="00C34940" wsp:rsidP="00C34940"><w:pPr><w:rPr><w:rFonts w:ascii="Times New Roman" w:h-ansi="Times New Roman"/><wx:font wx:val="Times New Roman"/><w:sz w:val="24"/><w:sz-cs w:val="24"/></w:rPr></w:pPr><w:proofErr w:type="gramStart"/><w:r wsp:rsidRPr="00C34940"><w:rPr><w:rFonts w:ascii="Times New Roman" w:h-ansi="Times New Roman"/><wx:font wx:val="Times New Roman"/><w:sz w:val="24"/><w:sz-cs w:val="24"/></w:rPr><w:t>frame</w:t></w:r><w:proofErr w:type="gramEnd"/><w:r wsp:rsidRPr="00C34940"><w:rPr><w:rFonts w:ascii="Times New Roman" w:h-ansi="Times New Roman"/><wx:font wx:val="Times New Roman"/><w:sz w:val="24"/><w:sz-cs w:val="24"/></w:rPr><w:t> = </w:t></w:r><w:proofErr w:type="spellStart"/><w:r wsp:rsidRPr="00C34940"><w:rPr><w:rFonts w:ascii="Times New Roman" w:h-ansi="Times New Roman"/><wx:font wx:val="Times New Roman"/><w:sz w:val="24"/><w:sz-cs w:val="24"/></w:rPr><w:t>vs.read</w:t></w:r><w:proofErr w:type="spellEnd"/><w:r wsp:rsidRPr="00C34940"><w:rPr><w:rFonts w:ascii="Times New Roman" w:h-ansi="Times New Roman"/><wx:font wx:val="Times New Roman"/><w:sz w:val="24"/><w:sz-cs w:val="24"/></w:rPr><w:t>()</w:t></w:r></w:p><w:p wsp:rsidR="00C34940" wsp:rsidRPr="00C34940" wsp:rsidRDefault="00C34940" wsp:rsidP="00C34940"><w:pPr><w:rPr><w:rFonts w:ascii="Times New Roman" w:h-ansi="Times New Roman"/><wx:font wx:val="Times New Roman"/><w:sz w:val="24"/><w:sz-cs w:val="24"/></w:rPr></w:pPr><w:proofErr w:type="gramStart"/><w:r wsp:rsidRPr="00C34940"><w:rPr><w:rFonts w:ascii="Times New Roman" w:h-ansi="Times New Roman"/><wx:font wx:val="Times New Roman"/><w:sz w:val="24"/><w:sz-cs w:val="24"/></w:rPr><w:t>frame</w:t></w:r><w:proofErr w:type="gramEnd"/><w:r wsp:rsidRPr="00C34940"><w:rPr><w:rFonts w:ascii="Times New Roman" w:h-ansi="Times New Roman"/><wx:font wx:val="Times New Roman"/><w:sz w:val="24"/><w:sz-cs w:val="24"/></w:rPr><w:t> = </w:t></w:r><w:proofErr w:type="spellStart"/><w:r wsp:rsidRPr="00C34940"><w:rPr><w:rFonts w:ascii="Times New Roman" w:h-ansi="Times New Roman"/><wx:font wx:val="Times New Roman"/><w:sz w:val="24"/><w:sz-cs w:val="24"/></w:rPr><w:t>imutils.resize</w:t></w:r><w:proofErr w:type="spellEnd"/><w:r wsp:rsidRPr="00C34940"><w:rPr><w:rFonts w:ascii="Times New Roman" w:h-ansi="Times New Roman"/><wx:font wx:val="Times New Roman"/><w:sz w:val="24"/><w:sz-cs w:val="24"/></w:rPr><w:t>(frame, width=400)</w:t></w:r></w:p><w:p wsp:rsidR="00C34940" wsp:rsidRPr="00C34940" wsp:rsidRDefault="00C34940" wsp:rsidP="00C34940"><w:pPr><w:rPr><w:rFonts w:ascii="Times New Roman" w:h-ansi="Times New Roman"/><wx:font wx:val="Times New Roman"/><w:sz w:val="24"/><w:sz-cs w:val="24"/></w:rPr></w:pPr><w:r wsp:rsidRPr="00C34940"><w:rPr><w:rFonts w:ascii="Times New Roman" w:h-ansi="Times New Roman"/><wx:font wx:val="Times New Roman"/><w:sz w:val="24"/><w:sz-cs w:val="24"/></w:rPr><w:t># </w:t></w:r><w:proofErr w:type="gramStart"/><w:r wsp:rsidRPr="00C34940"><w:rPr><w:rFonts w:ascii="Times New Roman" w:h-ansi="Times New Roman"/><wx:font wx:val="Times New Roman"/><w:sz w:val="24"/><w:sz-cs w:val="24"/></w:rPr><w:t>grab</w:t></w:r><w:proofErr w:type="gramEnd"/><w:r wsp:rsidRPr="00C34940"><w:rPr><w:rFonts w:ascii="Times New Roman" w:h-ansi="Times New Roman"/><wx:font wx:val="Times New Roman"/><w:sz w:val="24"/><w:sz-cs w:val="24"/></w:rPr><w:t> the frame dimensions and convert it to a blob</w:t></w:r></w:p><w:p wsp:rsidR="00C34940" wsp:rsidRPr="00C34940" wsp:rsidRDefault="00C34940" wsp:rsidP="00C34940"><w:pPr><w:rPr><w:rFonts w:ascii="Times New Roman" w:h-ansi="Times New Roman"/><wx:font wx:val="Times New Roman"/><w:sz w:val="24"/><w:sz-cs w:val="24"/></w:rPr></w:pPr><w:r wsp:rsidRPr="00C34940"><w:rPr><w:rFonts w:ascii="Times New Roman" w:h-ansi="Times New Roman"/><wx:font wx:val="Times New Roman"/><w:sz w:val="24"/><w:sz-cs w:val="24"/></w:rPr><w:t>(</w:t></w:r><w:proofErr w:type="gramStart"/><w:r wsp:rsidRPr="00C34940"><w:rPr><w:rFonts w:ascii="Times New Roman" w:h-ansi="Times New Roman"/><wx:font wx:val="Times New Roman"/><w:sz w:val="24"/><w:sz-cs w:val="24"/></w:rPr><w:t>h</w:t></w:r><w:proofErr w:type="gramEnd"/><w:r wsp:rsidRPr="00C34940"><w:rPr><w:rFonts w:ascii="Times New Roman" w:h-ansi="Times New Roman"/><wx:font wx:val="Times New Roman"/><w:sz w:val="24"/><w:sz-cs w:val="24"/></w:rPr><w:t>, w) = </w:t></w:r><w:proofErr w:type="spellStart"/><w:proofErr w:type="gramStart"/><w:r wsp:rsidRPr="00C34940"><w:rPr><w:rFonts w:ascii="Times New Roman" w:h-ansi="Times New Roman"/><wx:font wx:val="Times New Roman"/><w:sz w:val="24"/><w:sz-cs w:val="24"/></w:rPr><w:t>frame.shape</w:t></w:r><w:proofErr w:type="spellEnd"/><w:r wsp:rsidRPr="00C34940"><w:rPr><w:rFonts w:ascii="Times New Roman" w:h-ansi="Times New Roman"/><wx:font wx:val="Times New Roman"/><w:sz w:val="24"/><w:sz-cs w:val="24"/></w:rPr><w:t>[</w:t></w:r><w:proofErr w:type="gramEnd"/><w:r wsp:rsidRPr="00C34940"><w:rPr><w:rFonts w:ascii="Times New Roman" w:h-ansi="Times New Roman"/><wx:font wx:val="Times New Roman"/><w:sz w:val="24"/><w:sz-cs w:val="24"/></w:rPr><w:t>:2]</w:t></w:r></w:p><w:p wsp:rsidR="00C34940" wsp:rsidRPr="00C34940" wsp:rsidRDefault="00C34940" wsp:rsidP="00C34940"><w:pPr><w:rPr><w:rFonts w:ascii="Times New Roman" w:h-ansi="Times New Roman"/><wx:font wx:val="Times New Roman"/><w:sz w:val="24"/><w:sz-cs w:val="24"/></w:rPr></w:pPr><w:proofErr w:type="gramStart"/><w:r wsp:rsidRPr="00C34940"><w:rPr><w:rFonts w:ascii="Times New Roman" w:h-ansi="Times New Roman"/><wx:font wx:val="Times New Roman"/><w:sz w:val="24"/><w:sz-cs w:val="24"/></w:rPr><w:t>blob</w:t></w:r><w:proofErr w:type="gramEnd"/><w:r wsp:rsidRPr="00C34940"><w:rPr><w:rFonts w:ascii="Times New Roman" w:h-ansi="Times New Roman"/><wx:font wx:val="Times New Roman"/><w:sz w:val="24"/><w:sz-cs w:val="24"/></w:rPr><w:t> = cv2.dnn.blobFromImage(cv2.resize(frame, (300, 300)), 1.0,</w:t></w:r></w:p><w:p wsp:rsidR="00C34940" wsp:rsidRPr="00C34940" wsp:rsidRDefault="00C34940" wsp:rsidP="00C34940"><w:pPr><w:rPr><w:rFonts w:ascii="Times New Roman" w:h-ansi="Times New Roman"/><wx:font wx:val="Times New Roman"/><w:sz w:val="24"/><w:sz-cs w:val="24"/></w:rPr></w:pPr><w:r wsp:rsidRPr="00C34940"><w:rPr><w:rFonts w:ascii="Times New Roman" w:h-ansi="Times New Roman"/><wx:font wx:val="Times New Roman"/><w:sz w:val="24"/><w:sz-cs w:val="24"/></w:rPr><w:t>(300, 300), (104.0, 177.0, </w:t></w:r><w:proofErr w:type="gramStart"/><w:r wsp:rsidRPr="00C34940"><w:rPr><w:rFonts w:ascii="Times New Roman" w:h-ansi="Times New Roman"/><wx:font wx:val="Times New Roman"/><w:sz w:val="24"/><w:sz-cs w:val="24"/></w:rPr><w:t>123.0</w:t></w:r><w:proofErr w:type="gramEnd"/><w:r wsp:rsidRPr="00C34940"><w:rPr><w:rFonts w:ascii="Times New Roman" w:h-ansi="Times New Roman"/><wx:font wx:val="Times New Roman"/><w:sz w:val="24"/><w:sz-cs w:val="24"/></w:rPr><w:t>))</w:t></w:r></w:p><w:p wsp:rsidR="00C34940" wsp:rsidRPr="00C34940" wsp:rsidRDefault="00C34940" wsp:rsidP="00C34940"><w:pPr><w:rPr><w:rFonts w:ascii="Times New Roman" w:h-ansi="Times New Roman"/><wx:font wx:val="Times New Roman"/><w:sz w:val="24"/><w:sz-cs w:val="24"/></w:rPr></w:pPr><w:r wsp:rsidRPr="00C34940"><w:rPr><w:rFonts w:ascii="Times New Roman" w:h-ansi="Times New Roman"/><wx:font wx:val="Times New Roman"/><w:sz w:val="24"/><w:sz-cs w:val="24"/></w:rPr><w:t># pass the blob through the network and obtain the detections and</w:t></w:r></w:p><w:p wsp:rsidR="00C34940" wsp:rsidRPr="00C34940" wsp:rsidRDefault="00C34940" wsp:rsidP="00C34940"><w:pPr><w:rPr><w:rFonts w:ascii="Times New Roman" w:h-ansi="Times New Roman"/><wx:font wx:val="Times New Roman"/><w:sz w:val="24"/><w:sz-cs w:val="24"/></w:rPr></w:pPr><w:r wsp:rsidRPr="00C34940"><w:rPr><w:rFonts w:ascii="Times New Roman" w:h-ansi="Times New Roman"/><wx:font wx:val="Times New Roman"/><w:sz w:val="24"/><w:sz-cs w:val="24"/></w:rPr><w:t># </w:t></w:r><w:proofErr w:type="gramStart"/><w:r wsp:rsidRPr="00C34940"><w:rPr><w:rFonts w:ascii="Times New Roman" w:h-ansi="Times New Roman"/><wx:font wx:val="Times New Roman"/><w:sz w:val="24"/><w:sz-cs w:val="24"/></w:rPr><w:t>predictions</w:t></w:r><w:proofErr w:type="gramEnd"/></w:p><w:p wsp:rsidR="00C34940" wsp:rsidRPr="00C34940" wsp:rsidRDefault="00C34940" wsp:rsidP="00C34940"><w:pPr><w:rPr><w:rFonts w:ascii="Times New Roman" w:h-ansi="Times New Roman"/><wx:font wx:val="Times New Roman"/><w:sz w:val="24"/><w:sz-cs w:val="24"/></w:rPr></w:pPr><w:proofErr w:type="spellStart"/><w:proofErr w:type="gramStart"/><w:r wsp:rsidRPr="00C34940"><w:rPr><w:rFonts w:ascii="Times New Roman" w:h-ansi="Times New Roman"/><wx:font wx:val="Times New Roman"/><w:sz w:val="24"/><w:sz-cs w:val="24"/></w:rPr><w:t>net.setInput</w:t></w:r><w:proofErr w:type="spellEnd"/><w:r wsp:rsidRPr="00C34940"><w:rPr><w:rFonts w:ascii="Times New Roman" w:h-ansi="Times New Roman"/><wx:font wx:val="Times New Roman"/><w:sz w:val="24"/><w:sz-cs w:val="24"/></w:rPr><w:t>(</w:t></w:r><w:proofErr w:type="gramEnd"/><w:r wsp:rsidRPr="00C34940"><w:rPr><w:rFonts w:ascii="Times New Roman" w:h-ansi="Times New Roman"/><wx:font wx:val="Times New Roman"/><w:sz w:val="24"/><w:sz-cs w:val="24"/></w:rPr><w:t>blob)</w:t></w:r></w:p><w:p wsp:rsidR="00C34940" wsp:rsidRPr="00C34940" wsp:rsidRDefault="00C34940" wsp:rsidP="00C34940"><w:pPr><w:rPr><w:rFonts w:ascii="Times New Roman" w:h-ansi="Times New Roman"/><wx:font wx:val="Times New Roman"/><w:sz w:val="24"/><w:sz-cs w:val="24"/></w:rPr></w:pPr><w:proofErr w:type="gramStart"/><w:r wsp:rsidRPr="00C34940"><w:rPr><w:rFonts w:ascii="Times New Roman" w:h-ansi="Times New Roman"/><wx:font wx:val="Times New Roman"/><w:sz w:val="24"/><w:sz-cs w:val="24"/></w:rPr><w:t>detections</w:t></w:r><w:proofErr w:type="gramEnd"/><w:r wsp:rsidRPr="00C34940"><w:rPr><w:rFonts w:ascii="Times New Roman" w:h-ansi="Times New Roman"/><wx:font wx:val="Times New Roman"/><w:sz w:val="24"/><w:sz-cs w:val="24"/></w:rPr><w:t> = </w:t></w:r><w:proofErr w:type="spellStart"/><w:r wsp:rsidRPr="00C34940"><w:rPr><w:rFonts w:ascii="Times New Roman" w:h-ansi="Times New Roman"/><wx:font wx:val="Times New Roman"/><w:sz w:val="24"/><w:sz-cs w:val="24"/></w:rPr><w:t>net.forward</w:t></w:r><w:proofErr w:type="spellEnd"/><w:r wsp:rsidRPr="00C34940"><w:rPr><w:rFonts w:ascii="Times New Roman" w:h-ansi="Times New Roman"/><wx:font wx:val="Times New Roman"/><w:sz w:val="24"/><w:sz-cs w:val="24"/></w:rPr><w:t>()</w:t></w:r></w:p><w:p wsp:rsidR="00C34940" wsp:rsidRPr="00C34940" wsp:rsidRDefault="00C34940" wsp:rsidP="00C34940"><w:pPr><w:rPr><w:rFonts w:ascii="Times New Roman" w:h-ansi="Times New Roman"/><wx:font wx:val="Times New Roman"/><w:sz w:val="24"/><w:sz-cs w:val="24"/></w:rPr></w:pPr><w:r wsp:rsidRPr="00C34940"><w:rPr><w:rFonts w:ascii="Times New Roman" w:h-ansi="Times New Roman"/><wx:font wx:val="Times New Roman"/><w:sz w:val="24"/><w:sz-cs w:val="24"/></w:rPr><w:t># loop over the detections</w:t></w:r></w:p><w:p wsp:rsidR="00C34940" wsp:rsidRPr="00C34940" wsp:rsidRDefault="00C34940" wsp:rsidP="00C34940"><w:pPr><w:rPr><w:rFonts w:ascii="Times New Roman" w:h-ansi="Times New Roman"/><wx:font wx:val="Times New Roman"/><w:sz w:val="24"/><w:sz-cs w:val="24"/></w:rPr></w:pPr><w:proofErr w:type="gramStart"/><w:r wsp:rsidRPr="00C34940"><w:rPr><w:rFonts w:ascii="Times New Roman" w:h-ansi="Times New Roman"/><wx:font wx:val="Times New Roman"/><w:sz w:val="24"/><w:sz-cs w:val="24"/></w:rPr><w:t>for</w:t></w:r><w:proofErr w:type="gramEnd"/><w:r wsp:rsidRPr="00C34940"><w:rPr><w:rFonts w:ascii="Times New Roman" w:h-ansi="Times New Roman"/><wx:font wx:val="Times New Roman"/><w:sz w:val="24"/><w:sz-cs w:val="24"/></w:rPr><w:t> i in range(0, </w:t></w:r><w:proofErr w:type="spellStart"/><w:r wsp:rsidRPr="00C34940"><w:rPr><w:rFonts w:ascii="Times New Roman" w:h-ansi="Times New Roman"/><wx:font wx:val="Times New Roman"/><w:sz w:val="24"/><w:sz-cs w:val="24"/></w:rPr><w:t>detections.shape</w:t></w:r><w:proofErr w:type="spellEnd"/><w:r wsp:rsidRPr="00C34940"><w:rPr><w:rFonts w:ascii="Times New Roman" w:h-ansi="Times New Roman"/><wx:font wx:val="Times New Roman"/><w:sz w:val="24"/><w:sz-cs w:val="24"/></w:rPr><w:t>[2]):</w:t></w:r></w:p><w:p wsp:rsidR="00C34940" wsp:rsidRPr="00C34940" wsp:rsidRDefault="00C34940" wsp:rsidP="00C34940"><w:pPr><w:rPr><w:rFonts w:ascii="Times New Roman" w:h-ansi="Times New Roman"/><wx:font wx:val="Times New Roman"/><w:sz w:val="24"/><w:sz-cs w:val="24"/></w:rPr></w:pPr><w:r wsp:rsidRPr="00C34940"><w:rPr><w:rFonts w:ascii="Times New Roman" w:h-ansi="Times New Roman"/><wx:font wx:val="Times New Roman"/><w:sz w:val="24"/><w:sz-cs w:val="24"/></w:rPr><w:t># </w:t></w:r><w:proofErr w:type="gramStart"/><w:r wsp:rsidRPr="00C34940"><w:rPr><w:rFonts w:ascii="Times New Roman" w:h-ansi="Times New Roman"/><wx:font wx:val="Times New Roman"/><w:sz w:val="24"/><w:sz-cs w:val="24"/></w:rPr><w:t>extract</w:t></w:r><w:proofErr w:type="gramEnd"/><w:r wsp:rsidRPr="00C34940"><w:rPr><w:rFonts w:ascii="Times New Roman" w:h-ansi="Times New Roman"/><wx:font wx:val="Times New Roman"/><w:sz w:val="24"/><w:sz-cs w:val="24"/></w:rPr><w:t> the confidence (i.e., probability) associated with the</w:t></w:r></w:p><w:p wsp:rsidR="00C34940" wsp:rsidRPr="00C34940" wsp:rsidRDefault="00C34940" wsp:rsidP="00C34940"><w:pPr><w:rPr><w:rFonts w:ascii="Times New Roman" w:h-ansi="Times New Roman"/><wx:font wx:val="Times New Roman"/><w:sz w:val="24"/><w:sz-cs w:val="24"/></w:rPr></w:pPr><w:r wsp:rsidRPr="00C34940"><w:rPr><w:rFonts w:ascii="Times New Roman" w:h-ansi="Times New Roman"/><wx:font wx:val="Times New Roman"/><w:sz w:val="24"/><w:sz-cs w:val="24"/></w:rPr><w:t># </w:t></w:r><w:proofErr w:type="gramStart"/><w:r wsp:rsidRPr="00C34940"><w:rPr><w:rFonts w:ascii="Times New Roman" w:h-ansi="Times New Roman"/><wx:font wx:val="Times New Roman"/><w:sz w:val="24"/><w:sz-cs w:val="24"/></w:rPr><w:t>prediction</w:t></w:r><w:proofErr w:type="gramEnd"/></w:p><w:p wsp:rsidR="00C34940" wsp:rsidRPr="00C34940" wsp:rsidRDefault="00C34940" wsp:rsidP="00C34940"><w:pPr><w:rPr><w:rFonts w:ascii="Times New Roman" w:h-ansi="Times New Roman"/><wx:font wx:val="Times New Roman"/><w:sz w:val="24"/><w:sz-cs w:val="24"/></w:rPr></w:pPr><w:proofErr w:type="gramStart"/><w:r wsp:rsidRPr="00C34940"><w:rPr><w:rFonts w:ascii="Times New Roman" w:h-ansi="Times New Roman"/><wx:font wx:val="Times New Roman"/><w:sz w:val="24"/><w:sz-cs w:val="24"/></w:rPr><w:t>confidence</w:t></w:r><w:proofErr w:type="gramEnd"/><w:r wsp:rsidRPr="00C34940"><w:rPr><w:rFonts w:ascii="Times New Roman" w:h-ansi="Times New Roman"/><wx:font wx:val="Times New Roman"/><w:sz w:val="24"/><w:sz-cs w:val="24"/></w:rPr><w:t> = detections[0, 0, i, 2]</w:t></w:r></w:p><w:p wsp:rsidR="00C34940" wsp:rsidRPr="00C34940" wsp:rsidRDefault="00C34940" wsp:rsidP="00C34940"><w:pPr><w:rPr><w:rFonts w:ascii="Times New Roman" w:h-ansi="Times New Roman"/><wx:font wx:val="Times New Roman"/><w:sz w:val="24"/><w:sz-cs w:val="24"/></w:rPr></w:pPr><w:r wsp:rsidRPr="00C34940"><w:rPr><w:rFonts w:ascii="Times New Roman" w:h-ansi="Times New Roman"/><wx:font wx:val="Times New Roman"/><w:sz w:val="24"/><w:sz-cs w:val="24"/></w:rPr><w:t># filter out weak detections by ensuring the `confidence` is</w:t></w:r></w:p><w:p wsp:rsidR="00C34940" wsp:rsidRPr="00C34940" wsp:rsidRDefault="00C34940" wsp:rsidP="00C34940"><w:pPr><w:rPr><w:rFonts w:ascii="Times New Roman" w:h-ansi="Times New Roman"/><wx:font wx:val="Times New Roman"/><w:sz w:val="24"/><w:sz-cs w:val="24"/></w:rPr></w:pPr><w:r wsp:rsidRPr="00C34940"><w:rPr><w:rFonts w:ascii="Times New Roman" w:h-ansi="Times New Roman"/><wx:font wx:val="Times New Roman"/><w:sz w:val="24"/><w:sz-cs w:val="24"/></w:rPr><w:t># </w:t></w:r><w:proofErr w:type="gramStart"/><w:r wsp:rsidRPr="00C34940"><w:rPr><w:rFonts w:ascii="Times New Roman" w:h-ansi="Times New Roman"/><wx:font wx:val="Times New Roman"/><w:sz w:val="24"/><w:sz-cs w:val="24"/></w:rPr><w:t>greater</w:t></w:r><w:proofErr w:type="gramEnd"/><w:r wsp:rsidRPr="00C34940"><w:rPr><w:rFonts w:ascii="Times New Roman" w:h-ansi="Times New Roman"/><wx:font wx:val="Times New Roman"/><w:sz w:val="24"/><w:sz-cs w:val="24"/></w:rPr><w:t> than the minimum confidence</w:t></w:r></w:p><w:p wsp:rsidR="00C34940" wsp:rsidRPr="00C34940" wsp:rsidRDefault="00C34940" wsp:rsidP="00C34940"><w:pPr><w:rPr><w:rFonts w:ascii="Times New Roman" w:h-ansi="Times New Roman"/><wx:font wx:val="Times New Roman"/><w:sz w:val="24"/><w:sz-cs w:val="24"/></w:rPr></w:pPr><w:proofErr w:type="gramStart"/><w:r wsp:rsidRPr="00C34940"><w:rPr><w:rFonts w:ascii="Times New Roman" w:h-ansi="Times New Roman"/><wx:font wx:val="Times New Roman"/><w:sz w:val="24"/><w:sz-cs w:val="24"/></w:rPr><w:t>if</w:t></w:r><w:proofErr w:type="gramEnd"/><w:r wsp:rsidRPr="00C34940"><w:rPr><w:rFonts w:ascii="Times New Roman" w:h-ansi="Times New Roman"/><wx:font wx:val="Times New Roman"/><w:sz w:val="24"/><w:sz-cs w:val="24"/></w:rPr><w:t> confidence &lt; </w:t></w:r><w:proofErr w:type="spellStart"/><w:r wsp:rsidRPr="00C34940"><w:rPr><w:rFonts w:ascii="Times New Roman" w:h-ansi="Times New Roman"/><wx:font wx:val="Times New Roman"/><w:sz w:val="24"/><w:sz-cs w:val="24"/></w:rPr><w:t>args</w:t></w:r><w:proofErr w:type="spellEnd"/><w:r wsp:rsidRPr="00C34940"><w:rPr><w:rFonts w:ascii="Times New Roman" w:h-ansi="Times New Roman"/><wx:font wx:val="Times New Roman"/><w:sz w:val="24"/><w:sz-cs w:val="24"/></w:rPr><w:t>["confidence"]:</w:t></w:r></w:p><w:p wsp:rsidR="00C06A15" wsp:rsidRPr="00C34940" wsp:rsidRDefault="00C34940" wsp:rsidP="00C34940"><w:pPr><w:rPr><w:rFonts w:ascii="Times New Roman" w:h-ansi="Times New Roman"/><wx:font wx:val="Times New Roman"/><w:sz w:val="24"/><w:sz-cs w:val="24"/></w:rPr></w:pPr><w:proofErr w:type="gramStart"/><w:r wsp:rsidRPr="00C34940"><w:rPr><w:rFonts w:ascii="Times New Roman" w:h-ansi="Times New Roman"/><wx:font wx:val="Times New Roman"/><w:sz w:val="24"/><w:sz-cs w:val="24"/></w:rPr><w:t>continue</w:t></w:r><w:proofErr w:type="gramEnd"/></w:p><w:p wsp:rsidR="00C34940" wsp:rsidRPr="00C34940" wsp:rsidRDefault="00C34940" wsp:rsidP="00C34940"><w:pPr><w:rPr><w:rFonts w:ascii="Times New Roman" w:h-ansi="Times New Roman"/><wx:font wx:val="Times New Roman"/><w:sz w:val="24"/><w:sz-cs w:val="24"/></w:rPr></w:pPr><w:r wsp:rsidRPr="00C34940"><w:rPr><w:rFonts w:ascii="Times New Roman" w:h-ansi="Times New Roman"/><wx:font wx:val="Times New Roman"/><w:sz w:val="24"/><w:sz-cs w:val="24"/></w:rPr><w:t># compute the (x, y)-coordinates of the bounding box for the</w:t></w:r></w:p><w:p wsp:rsidR="00C34940" wsp:rsidRPr="00C34940" wsp:rsidRDefault="00C34940" wsp:rsidP="00C34940"><w:pPr><w:rPr><w:rFonts w:ascii="Times New Roman" w:h-ansi="Times New Roman"/><wx:font wx:val="Times New Roman"/><w:sz w:val="24"/><w:sz-cs w:val="24"/></w:rPr></w:pPr><w:r wsp:rsidRPr="00C34940"><w:rPr><w:rFonts w:ascii="Times New Roman" w:h-ansi="Times New Roman"/><wx:font wx:val="Times New Roman"/><w:sz w:val="24"/><w:sz-cs w:val="24"/></w:rPr><w:t># </w:t></w:r><w:proofErr w:type="gramStart"/><w:r wsp:rsidRPr="00C34940"><w:rPr><w:rFonts w:ascii="Times New Roman" w:h-ansi="Times New Roman"/><wx:font wx:val="Times New Roman"/><w:sz w:val="24"/><w:sz-cs w:val="24"/></w:rPr><w:t>object</w:t></w:r><w:proofErr w:type="gramEnd"/></w:p><w:p wsp:rsidR="00C34940" wsp:rsidRPr="00C34940" wsp:rsidRDefault="00C34940" wsp:rsidP="00C34940"><w:pPr><w:rPr><w:rFonts w:ascii="Times New Roman" w:h-ansi="Times New Roman"/><wx:font wx:val="Times New Roman"/><w:sz w:val="24"/><w:sz-cs w:val="24"/></w:rPr></w:pPr><w:proofErr w:type="gramStart"/><w:r wsp:rsidRPr="00C34940"><w:rPr><w:rFonts w:ascii="Times New Roman" w:h-ansi="Times New Roman"/><wx:font wx:val="Times New Roman"/><w:sz w:val="24"/><w:sz-cs w:val="24"/></w:rPr><w:t>box</w:t></w:r><w:proofErr w:type="gramEnd"/><w:r wsp:rsidRPr="00C34940"><w:rPr><w:rFonts w:ascii="Times New Roman" w:h-ansi="Times New Roman"/><wx:font wx:val="Times New Roman"/><w:sz w:val="24"/><w:sz-cs w:val="24"/></w:rPr><w:t> = detections[0, 0, i, 3:7] * </w:t></w:r><w:proofErr w:type="spellStart"/><w:r wsp:rsidRPr="00C34940"><w:rPr><w:rFonts w:ascii="Times New Roman" w:h-ansi="Times New Roman"/><wx:font wx:val="Times New Roman"/><w:sz w:val="24"/><w:sz-cs w:val="24"/></w:rPr><w:t>np.array</w:t></w:r><w:proofErr w:type="spellEnd"/><w:r wsp:rsidRPr="00C34940"><w:rPr><w:rFonts w:ascii="Times New Roman" w:h-ansi="Times New Roman"/><wx:font wx:val="Times New Roman"/><w:sz w:val="24"/><w:sz-cs w:val="24"/></w:rPr><w:t>([w, h, w, h])</w:t></w:r></w:p><w:p wsp:rsidR="00C34940" wsp:rsidRPr="00C34940" wsp:rsidRDefault="00C34940" wsp:rsidP="00C34940"><w:pPr><w:rPr><w:rFonts w:ascii="Times New Roman" w:h-ansi="Times New Roman"/><wx:font wx:val="Times New Roman"/><w:sz w:val="24"/><w:sz-cs w:val="24"/></w:rPr></w:pPr><w:r wsp:rsidRPr="00C34940"><w:rPr><w:rFonts w:ascii="Times New Roman" w:h-ansi="Times New Roman"/><wx:font wx:val="Times New Roman"/><w:sz w:val="24"/><w:sz-cs w:val="24"/></w:rPr><w:t>(</w:t></w:r><w:proofErr w:type="spellStart"/><w:proofErr w:type="gramStart"/><w:r wsp:rsidRPr="00C34940"><w:rPr><w:rFonts w:ascii="Times New Roman" w:h-ansi="Times New Roman"/><wx:font wx:val="Times New Roman"/><w:sz w:val="24"/><w:sz-cs w:val="24"/></w:rPr><w:t>startX</w:t></w:r><w:proofErr w:type="spellEnd"/><w:proofErr w:type="gramEnd"/><w:r wsp:rsidRPr="00C34940"><w:rPr><w:rFonts w:ascii="Times New Roman" w:h-ansi="Times New Roman"/><wx:font wx:val="Times New Roman"/><w:sz w:val="24"/><w:sz-cs w:val="24"/></w:rPr><w:t>, </w:t></w:r><w:proofErr w:type="spellStart"/><w:r wsp:rsidRPr="00C34940"><w:rPr><w:rFonts w:ascii="Times New Roman" w:h-ansi="Times New Roman"/><wx:font wx:val="Times New Roman"/><w:sz w:val="24"/><w:sz-cs w:val="24"/></w:rPr><w:t>startY</w:t></w:r><w:proofErr w:type="spellEnd"/><w:r wsp:rsidRPr="00C34940"><w:rPr><w:rFonts w:ascii="Times New Roman" w:h-ansi="Times New Roman"/><wx:font wx:val="Times New Roman"/><w:sz w:val="24"/><w:sz-cs w:val="24"/></w:rPr><w:t>, </w:t></w:r><w:proofErr w:type="spellStart"/><w:r wsp:rsidRPr="00C34940"><w:rPr><w:rFonts w:ascii="Times New Roman" w:h-ansi="Times New Roman"/><wx:font wx:val="Times New Roman"/><w:sz w:val="24"/><w:sz-cs w:val="24"/></w:rPr><w:t>endX</w:t></w:r><w:proofErr w:type="spellEnd"/><w:r wsp:rsidRPr="00C34940"><w:rPr><w:rFonts w:ascii="Times New Roman" w:h-ansi="Times New Roman"/><wx:font wx:val="Times New Roman"/><w:sz w:val="24"/><w:sz-cs w:val="24"/></w:rPr><w:t>, </w:t></w:r><w:proofErr w:type="spellStart"/><w:r wsp:rsidRPr="00C34940"><w:rPr><w:rFonts w:ascii="Times New Roman" w:h-ansi="Times New Roman"/><wx:font wx:val="Times New Roman"/><w:sz w:val="24"/><w:sz-cs w:val="24"/></w:rPr><w:t>endY</w:t></w:r><w:proofErr w:type="spellEnd"/><w:r wsp:rsidRPr="00C34940"><w:rPr><w:rFonts w:ascii="Times New Roman" w:h-ansi="Times New Roman"/><wx:font wx:val="Times New Roman"/><w:sz w:val="24"/><w:sz-cs w:val="24"/></w:rPr><w:t>) = </w:t></w:r><w:proofErr w:type="spellStart"/><w:proofErr w:type="gramStart"/><w:r wsp:rsidRPr="00C34940"><w:rPr><w:rFonts w:ascii="Times New Roman" w:h-ansi="Times New Roman"/><wx:font wx:val="Times New Roman"/><w:sz w:val="24"/><w:sz-cs w:val="24"/></w:rPr><w:t>box.astype</w:t></w:r><w:proofErr w:type="spellEnd"/><w:r wsp:rsidRPr="00C34940"><w:rPr><w:rFonts w:ascii="Times New Roman" w:h-ansi="Times New Roman"/><wx:font wx:val="Times New Roman"/><w:sz w:val="24"/><w:sz-cs w:val="24"/></w:rPr><w:t>(</w:t></w:r><w:proofErr w:type="gramEnd"/><w:r wsp:rsidRPr="00C34940"><w:rPr><w:rFonts w:ascii="Times New Roman" w:h-ansi="Times New Roman"/><wx:font wx:val="Times New Roman"/><w:sz w:val="24"/><w:sz-cs w:val="24"/></w:rPr><w:t>"</w:t></w:r><w:proofErr w:type="spellStart"/><w:r wsp:rsidRPr="00C34940"><w:rPr><w:rFonts w:ascii="Times New Roman" w:h-ansi="Times New Roman"/><wx:font wx:val="Times New Roman"/><w:sz w:val="24"/><w:sz-cs w:val="24"/></w:rPr><w:t>int</w:t></w:r><w:proofErr w:type="spellEnd"/><w:r wsp:rsidRPr="00C34940"><w:rPr><w:rFonts w:ascii="Times New Roman" w:h-ansi="Times New Roman"/><wx:font wx:val="Times New Roman"/><w:sz w:val="24"/><w:sz-cs w:val="24"/></w:rPr><w:t>")</w:t></w:r></w:p><w:p wsp:rsidR="00C34940" wsp:rsidRPr="00C34940" wsp:rsidRDefault="00C34940" wsp:rsidP="00C34940"><w:pPr><w:rPr><w:rFonts w:ascii="Times New Roman" w:h-ansi="Times New Roman"/><wx:font wx:val="Times New Roman"/><w:sz w:val="24"/><w:sz-cs w:val="24"/></w:rPr></w:pPr><w:r wsp:rsidRPr="00C34940"><w:rPr><w:rFonts w:ascii="Times New Roman" w:h-ansi="Times New Roman"/><wx:font wx:val="Times New Roman"/><w:sz w:val="24"/><w:sz-cs w:val="24"/></w:rPr><w:t># </w:t></w:r><w:proofErr w:type="gramStart"/><w:r wsp:rsidRPr="00C34940"><w:rPr><w:rFonts w:ascii="Times New Roman" w:h-ansi="Times New Roman"/><wx:font wx:val="Times New Roman"/><w:sz w:val="24"/><w:sz-cs w:val="24"/></w:rPr><w:t>draw</w:t></w:r><w:proofErr w:type="gramEnd"/><w:r wsp:rsidRPr="00C34940"><w:rPr><w:rFonts w:ascii="Times New Roman" w:h-ansi="Times New Roman"/><wx:font wx:val="Times New Roman"/><w:sz w:val="24"/><w:sz-cs w:val="24"/></w:rPr><w:t> the bounding box of the face along with the associated</w:t></w:r></w:p><w:p wsp:rsidR="00C34940" wsp:rsidRPr="00C34940" wsp:rsidRDefault="00C34940" wsp:rsidP="00C34940"><w:pPr><w:rPr><w:rFonts w:ascii="Times New Roman" w:h-ansi="Times New Roman"/><wx:font wx:val="Times New Roman"/><w:sz w:val="24"/><w:sz-cs w:val="24"/></w:rPr></w:pPr><w:r wsp:rsidRPr="00C34940"><w:rPr><w:rFonts w:ascii="Times New Roman" w:h-ansi="Times New Roman"/><wx:font wx:val="Times New Roman"/><w:sz w:val="24"/><w:sz-cs w:val="24"/></w:rPr><w:t># </w:t></w:r><w:proofErr w:type="gramStart"/><w:r wsp:rsidRPr="00C34940"><w:rPr><w:rFonts w:ascii="Times New Roman" w:h-ansi="Times New Roman"/><wx:font wx:val="Times New Roman"/><w:sz w:val="24"/><w:sz-cs w:val="24"/></w:rPr><w:t>probability</w:t></w:r><w:proofErr w:type="gramEnd"/></w:p><w:p wsp:rsidR="00C34940" wsp:rsidRPr="00C34940" wsp:rsidRDefault="00C34940" wsp:rsidP="00C34940"><w:pPr><w:rPr><w:rFonts w:ascii="Times New Roman" w:h-ansi="Times New Roman"/><wx:font wx:val="Times New Roman"/><w:sz w:val="24"/><w:sz-cs w:val="24"/></w:rPr></w:pPr><w:proofErr w:type="gramStart"/><w:r wsp:rsidRPr="00C34940"><w:rPr><w:rFonts w:ascii="Times New Roman" w:h-ansi="Times New Roman"/><wx:font wx:val="Times New Roman"/><w:sz w:val="24"/><w:sz-cs w:val="24"/></w:rPr><w:t>text</w:t></w:r><w:proofErr w:type="gramEnd"/><w:r wsp:rsidRPr="00C34940"><w:rPr><w:rFonts w:ascii="Times New Roman" w:h-ansi="Times New Roman"/><wx:font wx:val="Times New Roman"/><w:sz w:val="24"/><w:sz-cs w:val="24"/></w:rPr><w:t> = "{:.2f}%".format(confidence * 100)</w:t></w:r></w:p><w:p wsp:rsidR="00C34940" wsp:rsidRPr="00C34940" wsp:rsidRDefault="00C34940" wsp:rsidP="00C34940"><w:pPr><w:rPr><w:rFonts w:ascii="Times New Roman" w:h-ansi="Times New Roman"/><wx:font wx:val="Times New Roman"/><w:sz w:val="24"/><w:sz-cs w:val="24"/></w:rPr></w:pPr><w:r wsp:rsidRPr="00C34940"><w:rPr><w:rFonts w:ascii="Times New Roman" w:h-ansi="Times New Roman"/><wx:font wx:val="Times New Roman"/><w:sz w:val="24"/><w:sz-cs w:val="24"/></w:rPr><w:t>y = </w:t></w:r><w:proofErr w:type="spellStart"/><w:r wsp:rsidRPr="00C34940"><w:rPr><w:rFonts w:ascii="Times New Roman" w:h-ansi="Times New Roman"/><wx:font wx:val="Times New Roman"/><w:sz w:val="24"/><w:sz-cs w:val="24"/></w:rPr><w:t>startY</w:t></w:r><w:proofErr w:type="spellEnd"/><w:r wsp:rsidRPr="00C34940"><w:rPr><w:rFonts w:ascii="Times New Roman" w:h-ansi="Times New Roman"/><wx:font wx:val="Times New Roman"/><w:sz w:val="24"/><w:sz-cs w:val="24"/></w:rPr><w:t> - 10 if </w:t></w:r><w:proofErr w:type="spellStart"/><w:r wsp:rsidRPr="00C34940"><w:rPr><w:rFonts w:ascii="Times New Roman" w:h-ansi="Times New Roman"/><wx:font wx:val="Times New Roman"/><w:sz w:val="24"/><w:sz-cs w:val="24"/></w:rPr><w:t>startY</w:t></w:r><w:proofErr w:type="spellEnd"/><w:r wsp:rsidRPr="00C34940"><w:rPr><w:rFonts w:ascii="Times New Roman" w:h-ansi="Times New Roman"/><wx:font wx:val="Times New Roman"/><w:sz w:val="24"/><w:sz-cs w:val="24"/></w:rPr><w:t> - 10 &gt; 10 else </w:t></w:r><w:proofErr w:type="spellStart"/><w:r wsp:rsidRPr="00C34940"><w:rPr><w:rFonts w:ascii="Times New Roman" w:h-ansi="Times New Roman"/><wx:font wx:val="Times New Roman"/><w:sz w:val="24"/><w:sz-cs w:val="24"/></w:rPr><w:t>startY</w:t></w:r><w:proofErr w:type="spellEnd"/><w:r wsp:rsidRPr="00C34940"><w:rPr><w:rFonts w:ascii="Times New Roman" w:h-ansi="Times New Roman"/><wx:font wx:val="Times New Roman"/><w:sz w:val="24"/><w:sz-cs w:val="24"/></w:rPr><w:t> + 10</w:t></w:r></w:p><w:p wsp:rsidR="00C34940" wsp:rsidRPr="00C34940" wsp:rsidRDefault="00C34940" wsp:rsidP="00C34940"><w:pPr><w:rPr><w:rFonts w:ascii="Times New Roman" w:h-ansi="Times New Roman"/><wx:font wx:val="Times New Roman"/><w:sz w:val="24"/><w:sz-cs w:val="24"/></w:rPr></w:pPr><w:proofErr w:type="gramStart"/><w:r wsp:rsidRPr="00C34940"><w:rPr><w:rFonts w:ascii="Times New Roman" w:h-ansi="Times New Roman"/><wx:font wx:val="Times New Roman"/><w:sz w:val="24"/><w:sz-cs w:val="24"/></w:rPr><w:t>cv2.rectangle(</w:t></w:r><w:proofErr w:type="gramEnd"/><w:r wsp:rsidRPr="00C34940"><w:rPr><w:rFonts w:ascii="Times New Roman" w:h-ansi="Times New Roman"/><wx:font wx:val="Times New Roman"/><w:sz w:val="24"/><w:sz-cs w:val="24"/></w:rPr><w:t>frame, (</w:t></w:r><w:proofErr w:type="spellStart"/><w:r wsp:rsidRPr="00C34940"><w:rPr><w:rFonts w:ascii="Times New Roman" w:h-ansi="Times New Roman"/><wx:font wx:val="Times New Roman"/><w:sz w:val="24"/><w:sz-cs w:val="24"/></w:rPr><w:t>startX</w:t></w:r><w:proofErr w:type="spellEnd"/><w:r wsp:rsidRPr="00C34940"><w:rPr><w:rFonts w:ascii="Times New Roman" w:h-ansi="Times New Roman"/><wx:font wx:val="Times New Roman"/><w:sz w:val="24"/><w:sz-cs w:val="24"/></w:rPr><w:t>, </w:t></w:r><w:proofErr w:type="spellStart"/><w:r wsp:rsidRPr="00C34940"><w:rPr><w:rFonts w:ascii="Times New Roman" w:h-ansi="Times New Roman"/><wx:font wx:val="Times New Roman"/><w:sz w:val="24"/><w:sz-cs w:val="24"/></w:rPr><w:t>startY</w:t></w:r><w:proofErr w:type="spellEnd"/><w:r wsp:rsidRPr="00C34940"><w:rPr><w:rFonts w:ascii="Times New Roman" w:h-ansi="Times New Roman"/><wx:font wx:val="Times New Roman"/><w:sz w:val="24"/><w:sz-cs w:val="24"/></w:rPr><w:t>), (</w:t></w:r><w:proofErr w:type="spellStart"/><w:r wsp:rsidRPr="00C34940"><w:rPr><w:rFonts w:ascii="Times New Roman" w:h-ansi="Times New Roman"/><wx:font wx:val="Times New Roman"/><w:sz w:val="24"/><w:sz-cs w:val="24"/></w:rPr><w:t>endX</w:t></w:r><w:proofErr w:type="spellEnd"/><w:r wsp:rsidRPr="00C34940"><w:rPr><w:rFonts w:ascii="Times New Roman" w:h-ansi="Times New Roman"/><wx:font wx:val="Times New Roman"/><w:sz w:val="24"/><w:sz-cs w:val="24"/></w:rPr><w:t>, </w:t></w:r><w:proofErr w:type="spellStart"/><w:r wsp:rsidRPr="00C34940"><w:rPr><w:rFonts w:ascii="Times New Roman" w:h-ansi="Times New Roman"/><wx:font wx:val="Times New Roman"/><w:sz w:val="24"/><w:sz-cs w:val="24"/></w:rPr><w:t>endY</w:t></w:r><w:proofErr w:type="spellEnd"/><w:r wsp:rsidRPr="00C34940"><w:rPr><w:rFonts w:ascii="Times New Roman" w:h-ansi="Times New Roman"/><wx:font wx:val="Times New Roman"/><w:sz w:val="24"/><w:sz-cs w:val="24"/></w:rPr><w:t>),</w:t></w:r></w:p><w:p wsp:rsidR="00C34940" wsp:rsidRPr="00C34940" wsp:rsidRDefault="00C34940" wsp:rsidP="00C34940"><w:pPr><w:rPr><w:rFonts w:ascii="Times New Roman" w:h-ansi="Times New Roman"/><wx:font wx:val="Times New Roman"/><w:sz w:val="24"/><w:sz-cs w:val="24"/></w:rPr></w:pPr><w:r wsp:rsidRPr="00C34940"><w:rPr><w:rFonts w:ascii="Times New Roman" w:h-ansi="Times New Roman"/><wx:font wx:val="Times New Roman"/><w:sz w:val="24"/><w:sz-cs w:val="24"/></w:rPr><w:t>(0, 0, 255), 2)</w:t></w:r></w:p><w:p wsp:rsidR="00C34940" wsp:rsidRPr="00C34940" wsp:rsidRDefault="00C34940" wsp:rsidP="00C34940"><w:pPr><w:rPr><w:rFonts w:ascii="Times New Roman" w:h-ansi="Times New Roman"/><wx:font wx:val="Times New Roman"/><w:sz w:val="24"/><w:sz-cs w:val="24"/></w:rPr></w:pPr><w:proofErr w:type="gramStart"/><w:r wsp:rsidRPr="00C34940"><w:rPr><w:rFonts w:ascii="Times New Roman" w:h-ansi="Times New Roman"/><wx:font wx:val="Times New Roman"/><w:sz w:val="24"/><w:sz-cs w:val="24"/></w:rPr><w:t>cv2.putText(</w:t></w:r><w:proofErr w:type="gramEnd"/><w:r wsp:rsidRPr="00C34940"><w:rPr><w:rFonts w:ascii="Times New Roman" w:h-ansi="Times New Roman"/><wx:font wx:val="Times New Roman"/><w:sz w:val="24"/><w:sz-cs w:val="24"/></w:rPr><w:t>frame, text, (</w:t></w:r><w:proofErr w:type="spellStart"/><w:r wsp:rsidRPr="00C34940"><w:rPr><w:rFonts w:ascii="Times New Roman" w:h-ansi="Times New Roman"/><wx:font wx:val="Times New Roman"/><w:sz w:val="24"/><w:sz-cs w:val="24"/></w:rPr><w:t>startX</w:t></w:r><w:proofErr w:type="spellEnd"/><w:r wsp:rsidRPr="00C34940"><w:rPr><w:rFonts w:ascii="Times New Roman" w:h-ansi="Times New Roman"/><wx:font wx:val="Times New Roman"/><w:sz w:val="24"/><w:sz-cs w:val="24"/></w:rPr><w:t>, y),</w:t></w:r></w:p><w:p wsp:rsidR="00C34940" wsp:rsidRPr="00C34940" wsp:rsidRDefault="00C34940" wsp:rsidP="00C34940"><w:pPr><w:rPr><w:rFonts w:ascii="Times New Roman" w:h-ansi="Times New Roman"/><wx:font wx:val="Times New Roman"/><w:sz w:val="24"/><w:sz-cs w:val="24"/></w:rPr></w:pPr><w:r wsp:rsidRPr="00C34940"><w:rPr><w:rFonts w:ascii="Times New Roman" w:h-ansi="Times New Roman"/><wx:font wx:val="Times New Roman"/><w:sz w:val="24"/><w:sz-cs w:val="24"/></w:rPr><w:t>cv2.FONT_HERSHEY_SIMPLEX, 0.45, (0, 0, 255), 2)</w:t></w:r></w:p><w:p wsp:rsidR="00C34940" wsp:rsidRPr="00C34940" wsp:rsidRDefault="00C34940" wsp:rsidP="00C34940"><w:pPr><w:rPr><w:rFonts w:ascii="Times New Roman" w:h-ansi="Times New Roman"/><wx:font wx:val="Times New Roman"/><w:sz w:val="24"/><w:sz-cs w:val="24"/></w:rPr></w:pPr><w:r wsp:rsidRPr="00C34940"><w:rPr><w:rFonts w:ascii="Times New Roman" w:h-ansi="Times New Roman"/><wx:font wx:val="Times New Roman"/><w:sz w:val="24"/><w:sz-cs w:val="24"/></w:rPr><w:t># show the output frame</w:t></w:r></w:p><w:p wsp:rsidR="00C34940" wsp:rsidRPr="00C34940" wsp:rsidRDefault="00C34940" wsp:rsidP="00C34940"><w:pPr><w:rPr><w:rFonts w:ascii="Times New Roman" w:h-ansi="Times New Roman"/><wx:font wx:val="Times New Roman"/><w:sz w:val="24"/><w:sz-cs w:val="24"/></w:rPr></w:pPr><w:proofErr w:type="gramStart"/><w:r wsp:rsidRPr="00C34940"><w:rPr><w:rFonts w:ascii="Times New Roman" w:h-ansi="Times New Roman"/><wx:font wx:val="Times New Roman"/><w:sz w:val="24"/><w:sz-cs w:val="24"/></w:rPr><w:t>cv2.imshow(</w:t></w:r><w:proofErr w:type="gramEnd"/><w:r wsp:rsidRPr="00C34940"><w:rPr><w:rFonts w:ascii="Times New Roman" w:h-ansi="Times New Roman"/><wx:font wx:val="Times New Roman"/><w:sz w:val="24"/><w:sz-cs w:val="24"/></w:rPr><w:t>"Frame", frame)</w:t></w:r></w:p><w:p wsp:rsidR="00C34940" wsp:rsidRPr="00C34940" wsp:rsidRDefault="00C34940" wsp:rsidP="00C34940"><w:pPr><w:rPr><w:rFonts w:ascii="Times New Roman" w:h-ansi="Times New Roman"/><wx:font wx:val="Times New Roman"/><w:sz w:val="24"/><w:sz-cs w:val="24"/></w:rPr></w:pPr><w:proofErr w:type="gramStart"/><w:r wsp:rsidRPr="00C34940"><w:rPr><w:rFonts w:ascii="Times New Roman" w:h-ansi="Times New Roman"/><wx:font wx:val="Times New Roman"/><w:sz w:val="24"/><w:sz-cs w:val="24"/></w:rPr><w:t>key</w:t></w:r><w:proofErr w:type="gramEnd"/><w:r wsp:rsidRPr="00C34940"><w:rPr><w:rFonts w:ascii="Times New Roman" w:h-ansi="Times New Roman"/><wx:font wx:val="Times New Roman"/><w:sz w:val="24"/><w:sz-cs w:val="24"/></w:rPr><w:t> = cv2.waitKey(1) &amp; 0xFF</w:t></w:r></w:p><w:p wsp:rsidR="00C34940" wsp:rsidRPr="00C34940" wsp:rsidRDefault="00C34940" wsp:rsidP="00C34940"><w:pPr><w:rPr><w:rFonts w:ascii="Times New Roman" w:h-ansi="Times New Roman"/><wx:font wx:val="Times New Roman"/><w:sz w:val="24"/><w:sz-cs w:val="24"/></w:rPr></w:pPr><w:r wsp:rsidRPr="00C34940"><w:rPr><w:rFonts w:ascii="Times New Roman" w:h-ansi="Times New Roman"/><wx:font wx:val="Times New Roman"/><w:sz w:val="24"/><w:sz-cs w:val="24"/></w:rPr><w:t># </w:t></w:r><w:proofErr w:type="gramStart"/><w:r wsp:rsidRPr="00C34940"><w:rPr><w:rFonts w:ascii="Times New Roman" w:h-ansi="Times New Roman"/><wx:font wx:val="Times New Roman"/><w:sz w:val="24"/><w:sz-cs w:val="24"/></w:rPr><w:t>if</w:t></w:r><w:proofErr w:type="gramEnd"/><w:r wsp:rsidRPr="00C34940"><w:rPr><w:rFonts w:ascii="Times New Roman" w:h-ansi="Times New Roman"/><wx:font wx:val="Times New Roman"/><w:sz w:val="24"/><w:sz-cs w:val="24"/></w:rPr><w:t> the `q` key was pressed, break from the loop</w:t></w:r></w:p><w:p wsp:rsidR="00C34940" wsp:rsidRPr="00C34940" wsp:rsidRDefault="00C34940" wsp:rsidP="00C34940"><w:pPr><w:rPr><w:rFonts w:ascii="Times New Roman" w:h-ansi="Times New Roman"/><wx:font wx:val="Times New Roman"/><w:sz w:val="24"/><w:sz-cs w:val="24"/></w:rPr></w:pPr><w:proofErr w:type="gramStart"/><w:r wsp:rsidRPr="00C34940"><w:rPr><w:rFonts w:ascii="Times New Roman" w:h-ansi="Times New Roman"/><wx:font wx:val="Times New Roman"/><w:sz w:val="24"/><w:sz-cs w:val="24"/></w:rPr><w:t>if</w:t></w:r><w:proofErr w:type="gramEnd"/><w:r wsp:rsidRPr="00C34940"><w:rPr><w:rFonts w:ascii="Times New Roman" w:h-ansi="Times New Roman"/><wx:font wx:val="Times New Roman"/><w:sz w:val="24"/><w:sz-cs w:val="24"/></w:rPr><w:t> key == </w:t></w:r><w:proofErr w:type="spellStart"/><w:r wsp:rsidRPr="00C34940"><w:rPr><w:rFonts w:ascii="Times New Roman" w:h-ansi="Times New Roman"/><wx:font wx:val="Times New Roman"/><w:sz w:val="24"/><w:sz-cs w:val="24"/></w:rPr><w:t>ord</w:t></w:r><w:proofErr w:type="spellEnd"/><w:r wsp:rsidRPr="00C34940"><w:rPr><w:rFonts w:ascii="Times New Roman" w:h-ansi="Times New Roman"/><wx:font wx:val="Times New Roman"/><w:sz w:val="24"/><w:sz-cs w:val="24"/></w:rPr><w:t>("q"):</w:t></w:r></w:p><w:p wsp:rsidR="00C34940" wsp:rsidRPr="00C34940" wsp:rsidRDefault="00C34940" wsp:rsidP="00C34940"><w:pPr><w:rPr><w:rFonts w:ascii="Times New Roman" w:h-ansi="Times New Roman"/><wx:font wx:val="Times New Roman"/><w:sz w:val="24"/><w:sz-cs w:val="24"/></w:rPr></w:pPr><w:proofErr w:type="gramStart"/><w:r wsp:rsidRPr="00C34940"><w:rPr><w:rFonts w:ascii="Times New Roman" w:h-ansi="Times New Roman"/><wx:font wx:val="Times New Roman"/><w:sz w:val="24"/><w:sz-cs w:val="24"/></w:rPr><w:t>break</w:t></w:r><w:proofErr w:type="gramEnd"/></w:p><w:p wsp:rsidR="00C34940" wsp:rsidRPr="00C34940" wsp:rsidRDefault="00C34940" wsp:rsidP="00C34940"><w:pPr><w:rPr><w:rFonts w:ascii="Times New Roman" w:h-ansi="Times New Roman"/><wx:font wx:val="Times New Roman"/><w:sz w:val="24"/><w:sz-cs w:val="24"/></w:rPr></w:pPr><w:r wsp:rsidRPr="00C34940"><w:rPr><w:rFonts w:ascii="Times New Roman" w:h-ansi="Times New Roman"/><wx:font wx:val="Times New Roman"/><w:sz w:val="24"/><w:sz-cs w:val="24"/></w:rPr><w:t># </w:t></w:r><w:proofErr w:type="gramStart"/><w:r wsp:rsidRPr="00C34940"><w:rPr><w:rFonts w:ascii="Times New Roman" w:h-ansi="Times New Roman"/><wx:font wx:val="Times New Roman"/><w:sz w:val="24"/><w:sz-cs w:val="24"/></w:rPr><w:t>do</w:t></w:r><w:proofErr w:type="gramEnd"/><w:r wsp:rsidRPr="00C34940"><w:rPr><w:rFonts w:ascii="Times New Roman" w:h-ansi="Times New Roman"/><wx:font wx:val="Times New Roman"/><w:sz w:val="24"/><w:sz-cs w:val="24"/></w:rPr><w:t> a bit of </w:t></w:r><w:proofErr w:type="spellStart"/><w:r wsp:rsidRPr="00C34940"><w:rPr><w:rFonts w:ascii="Times New Roman" w:h-ansi="Times New Roman"/><wx:font wx:val="Times New Roman"/><w:sz w:val="24"/><w:sz-cs w:val="24"/></w:rPr><w:t>cleanup</w:t></w:r><w:proofErr w:type="spellEnd"/></w:p><w:p wsp:rsidR="00C34940" wsp:rsidRPr="00C34940" wsp:rsidRDefault="00C34940" wsp:rsidP="00C34940"><w:pPr><w:rPr><w:rFonts w:ascii="Times New Roman" w:h-ansi="Times New Roman"/><wx:font wx:val="Times New Roman"/><w:sz w:val="24"/><w:sz-cs w:val="24"/></w:rPr></w:pPr><w:proofErr w:type="gramStart"/><w:r wsp:rsidRPr="00C34940"><w:rPr><w:rFonts w:ascii="Times New Roman" w:h-ansi="Times New Roman"/><wx:font wx:val="Times New Roman"/><w:sz w:val="24"/><w:sz-cs w:val="24"/></w:rPr><w:t>cv2.destroyAllWindows()</w:t></w:r><w:proofErr w:type="gramEnd"/></w:p><w:p wsp:rsidR="00C34940" wsp:rsidRPr="00C34940" wsp:rsidRDefault="00C34940" wsp:rsidP="00C34940"><w:pPr><w:rPr><w:rFonts w:ascii="Times New Roman" w:h-ansi="Times New Roman"/><wx:font wx:val="Times New Roman"/><w:sz w:val="24"/><w:sz-cs w:val="24"/></w:rPr></w:pPr><w:proofErr w:type="spellStart"/><w:proofErr w:type="gramStart"/><w:r wsp:rsidRPr="00C34940"><w:rPr><w:rFonts w:ascii="Times New Roman" w:h-ansi="Times New Roman"/><wx:font wx:val="Times New Roman"/><w:sz w:val="24"/><w:sz-cs w:val="24"/></w:rPr><w:t>vs.stop</w:t></w:r><w:proofErr w:type="spellEnd"/><w:r wsp:rsidRPr="00C34940"><w:rPr><w:rFonts w:ascii="Times New Roman" w:h-ansi="Times New Roman"/><wx:font wx:val="Times New Roman"/><w:sz w:val="24"/><w:sz-cs w:val="24"/></w:rPr><w:t>()</w:t></w:r><w:proofErr w:type="gramEnd"/><w:r wsp:rsidRPr="00C34940"><w:rPr><w:rFonts w:ascii="Times New Roman" w:h-ansi="Times New Roman"/><wx:font wx:val="Times New Roman"/><w:sz w:val="24"/><w:sz-cs w:val="24"/></w:rPr><w:cr/></w:r></w:p><w:sectPr wsp:rsidR="00C34940" wsp:rsidRPr="00C34940"><w:pgSz w:w="11906" w:h="16838"/><w:pgMar w:top="1440" w:right="1440" w:bottom="1440" w:left="1440" w:header="708" w:footer="708" w:gutter="0"/><w:cols w:space="708"/><w:docGrid w:line-pitch="360"/></w:sectPr></wx:sect></w:body></w:wordDocument>